seed,variance,length_scale,rff_dim,mean_var_test,auroc_var_cifar10,fpr95_var_cifar10,auroc_var_svhn,fpr95_var_svhn,lam,acc,nll,smece,auroc_msp_cifar10,auroc_ds_cifar10,auroc_msp_svhn,auroc_ds_svhn
12345,original,20.0,1024,0.022960171103477478,0.31315727,0.9975,0.45789369814074987,0.991279963122311,34.733667308615466,0.8047,0.7501631379127502,0.03128587583189726,0.810972335,0.81335467,0.7908860729102642,0.8285409572833436
12345,decoupled,1.0,1024,0.0233064703643322,0.50779489,0.9478,0.5107277773509526,0.946681007990166,28.164704339181654,0.8047,0.7571321725845337,0.034936514965030085,0.8178263050000001,0.82279126,0.7830415699907807,0.8114993085433313
12345,decoupled,2.0,1024,0.024771137163043022,0.647555435,0.9185,0.6588376613398894,0.9099569760295021,25.312861397182353,0.8047,0.7579756379127502,0.03517568279930127,0.81743087,0.8223626500000001,0.7834582244929318,0.8120355869698832
12345,decoupled,5.0,1024,0.030890991911292076,0.61099475,0.9467,0.6522811693300554,0.9514827904118008,17.893673894707955,0.8047,0.7595406174659729,0.03468917950013577,0.8152619499999999,0.8196048800000001,0.7836782863398893,0.8132356983712354
12345,decoupled,10.0,1024,0.027083393186330795,0.43764353,0.9842,0.5289699370006147,0.9738783036263061,24.41104791693436,0.8047,0.7542301416397095,0.03214332509764533,0.813426395,0.8174706599999999,0.7865255877381685,0.8199240511677934
12345,decoupled,20.0,1024,0.025389837101101875,0.38785837,0.9903,0.4885005109096497,0.9810617701290719,27.74195574060562,0.8047,0.7527400851249695,0.03158920880317017,0.81276649,0.8163882600000001,0.7867544675783651,0.8207218999692686
12345,decoupled,1.0,4096,0.10046479851007462,0.52695897,0.9436,0.5277532748156115,0.9460663798401967,6.513625852320192,0.8047,0.7571389079093933,0.03499118401678772,0.8178189549999999,0.8228127800000001,0.7830679913183773,0.8115416756299939
12345,decoupled,2.0,4096,0.11276235431432724,0.709516975,0.8985,0.7009550706822373,0.9121850030731408,5.347506282370133,0.8047,0.7586616277694702,0.03527638658434263,0.817246375,0.8221670299999999,0.7835579824830977,0.8120471996004917
12345,decoupled,5.0,4096,0.14774048328399658,0.632165815,0.9356,0.6836875691456669,0.9305086047940996,3.475179791755757,0.8047,0.7613621950149536,0.035470703209287004,0.8148365550000001,0.8188168100000001,0.7847002861862324,0.8149016095574677
12345,decoupled,10.0,4096,0.12347612529993057,0.456643975,0.9767,0.5549249539028887,0.9613552550706822,5.119839422905001,0.8047,0.7556163668632507,0.03264193638985906,0.81271652,0.8156646399999999,0.7870516210817455,0.8207605754456053
12345,decoupled,20.0,4096,0.10926690697669983,0.39013434,0.9889,0.4962068684695759,0.9760295021511985,6.367979749017633,0.8047,0.7533848881721497,0.031732019818940777,0.811843225,0.81431283,0.7874045520897357,0.8221908497234174
1,original,20.0,1024,0.022649262100458145,0.313979005,0.9959,0.4064340196681008,0.9986939151813153,35.36074253740786,0.8084,0.7361181974411011,0.03320820075391799,0.8085806400000001,0.8100476299999999,0.7917741164720344,0.8295765519360787
1,decoupled,1.0,1024,0.023328030481934547,0.50815162,0.9421,0.5033601951444376,0.9480639213275968,27.826399767373694,0.8084,0.7447343468666077,0.03753830692606677,0.815358315,0.8191142500000002,0.7914845344191763,0.8228413030116779
1,decoupled,2.0,1024,0.024841638281941414,0.66260492,0.9062,0.6811316994468346,0.8927858020897357,24.985154118701605,0.8084,0.7451766133308411,0.03783814208397411,0.81513292,0.8190301099999999,0.7919665046865396,0.8235337161954518
1,decoupled,5.0,1024,0.031127776950597763,0.608704285,0.9488,0.629304287031346,0.9612015980331899,17.75181673482119,0.8084,0.745795488357544,0.0376565469975563,0.8128994150000001,0.8164049,0.7903480274277812,0.8222523279041181
1,decoupled,10.0,1024,0.02729039639234543,0.43135319,0.9856,0.504410231637984,0.9866318377381684,24.33655259197095,0.8084,0.7400916218757629,0.0344677486681762,0.8108105849999999,0.81358807,0.7919770455593116,0.8275809081130916
1,decoupled,20.0,1024,0.02555561438202858,0.38221761,0.9908,0.47633590964966194,0.9885909649661955,27.86719031384184,0.8084,0.7384628653526306,0.03370211350598886,0.8101926500000001,0.8127040099999999,0.7935972207283344,0.8310737054394592
1,decoupled,1.0,4096,0.10052330791950226,0.52131583,0.9437,0.52688038952059,0.9430316533497234,6.456324805809232,0.8084,0.7446666359901428,0.03764827339505216,0.8153534499999999,0.81914545,0.7915399757990166,0.8229377881069453
1,decoupled,2.0,4096,0.1133570522069931,0.7218157800000001,0.8833,0.7169478315150584,0.8872157344806392,5.263689750045404,0.8084,0.7458981871604919,0.037944911412060564,0.8149271800000001,0.81882329,0.7917153657037492,0.823049569760295
1,decoupled,5.0,4096,0.1491941213607788,0.6300359550000001,0.9384,0.6647680777504609,0.9427243392747388,3.454642170455345,0.8084,0.7473863959312439,0.038224074392837565,0.8125127000000001,0.81570001,0.7910162991702521,0.823409987707437
1,decoupled,10.0,4096,0.12471121549606323,0.4494179949999999,0.9796,0.5325921788567917,0.977181929932391,5.1404588119297605,0.8084,0.741189181804657,0.03509612994281284,0.8101961599999999,0.81216146,0.7926357387062077,0.8287241548862938
1,decoupled,20.0,4096,0.10978471487760544,0.38494760499999997,0.9885,0.47758028388137674,0.9847111247695144,6.42481111834005,0.8084,0.7389384508132935,0.033757810102080475,0.809447715,0.81101767,0.7935734461432083,0.8313289220958819
2,original,20.0,1024,0.02342456579208374,0.31515383999999996,0.9971,0.36659612592194224,0.9987323294406883,35.842748662513564,0.8013,0.7554177641868591,0.02531701317917399,0.808016605,0.80963005,0.801725305393362,0.8408445106023357
2,decoupled,1.0,1024,0.023313812911510468,0.50246751,0.9499,0.5082529847879533,0.9448755377996312,29.17486285067009,0.8013,0.7635557651519775,0.030211639669359802,0.8152111449999999,0.8195409999999999,0.8040662549938538,0.8394750845113705
2,decoupled,2.0,1024,0.02479366771876812,0.647981705,0.9118,0.6337415968807623,0.9238245236631838,26.337374659944313,0.8013,0.7640537023544312,0.030213882329983156,0.814853,0.81919924,0.8039492240319608,0.8391042831899201
2,decoupled,5.0,1024,0.03125719726085663,0.60746417,0.9507,0.6209348321296865,0.959780270436386,18.750653233957028,0.8013,0.7651464939117432,0.030134780373169703,0.8124598100000001,0.8161900499999999,0.8021385467885679,0.8370576521204671
2,decoupled,10.0,1024,0.02748747542500496,0.42855162999999996,0.9863,0.44814304509834046,0.9936232329440688,25.367859810748406,0.8013,0.7595934271812439,0.026966791152332997,0.80991947,0.8125357400000001,0.7992710721419791,0.8352322065150584
2,decoupled,20.0,1024,0.02567344903945923,0.378686,0.9925,0.41826209472956366,0.9969652735095267,28.93706985730789,0.8013,0.7579565644264221,0.026449917308641956,0.80939786,0.8116408199999999,0.8005776064074985,0.8379368584818685
2,decoupled,1.0,4096,0.10047674924135208,0.526523275,0.948,0.5270338621696373,0.9421865396435156,6.741920215992645,0.8013,0.76353919506073,0.03013247906808693,0.81524108,0.81963023,0.8040543657805777,0.8395002842655195
2,decoupled,2.0,4096,0.1130935400724411,0.71134839,0.8913,0.7045277158881377,0.895359557467732,5.5622050692655565,0.8013,0.7647847533226013,0.030569879705808628,0.8146422250000002,0.81895582,0.8038098839889367,0.838746996004917
2,decoupled,5.0,4096,0.14968496561050415,0.62750876,0.9384,0.6373065361862323,0.9577443146896127,3.6740568821261785,0.8013,0.7666600942611694,0.03075301997271913,0.8121094900000001,0.8154668999999999,0.8009969249385371,0.8352030308850645
2,decoupled,10.0,4096,0.1253081113100052,0.45003043,0.9809,0.4812535475568531,0.9888982790411801,5.348341218904854,0.8013,0.7606909275054932,0.027393666352783883,0.8096111500000001,0.8114490400000001,0.79987524585126,0.8357965772894899
2,decoupled,20.0,4096,0.11088725924491882,0.38412744500000007,0.9912,0.4263482483097726,0.994660417947142,6.640063511212144,0.8013,0.7583723068237305,0.02611672259733598,0.8086664200000001,0.80991376,0.8003564824062692,0.8376614820221266
