variance,rff_dim,length_scale,auroc_var_cifar10_mean,auroc_var_cifar10_std,auroc_var_svhn_mean,auroc_var_svhn_std,fpr95_var_svhn_mean,fpr95_var_svhn_std,lam_mean,lam_std,acc_mean,acc_std,nll_mean,nll_std,smece_mean,smece_std,auroc_msp_cifar10_mean,auroc_msp_cifar10_std,auroc_msp_svhn_mean,auroc_msp_svhn_std,auroc_ds_svhn_mean,auroc_ds_svhn_std
decoupled,1024,1.5,0.5656866049999999,0.0023631677877215883,0.5706064215836918,0.007872027830997141,0.9358866011063306,0.004676926218739195,27.6612297174471,0.6742508911149019,0.8048000000000001,0.003551056180912925,0.7552172541618347,0.00953643294068263,0.03424604540683147,0.0038283420481734186,0.8160830033333334,0.0014836285415690401,0.7930053658317968,0.010470712559002206,0.8248058043945913,0.01387758159492538
decoupled,1024,2.0,0.65271402,0.008568421887122828,0.6579036525558287,0.02370885350691257,0.9088557672608072,0.01554863514243923,25.54513005860942,0.7053982182785288,0.8048000000000001,0.003551056180912925,0.7557353178660074,0.009635891133414422,0.03440923573775285,0.0038694851107994583,0.8158055966666667,0.0014144694615414424,0.7931246510704774,0.010294476325296642,0.8248911954517517,0.013585309757661937
decoupled,1024,3.0,0.7363194166666668,0.00447119753128104,0.7167724204824831,0.011517617810404996,0.9121337840606433,0.004760630876106707,19.460856405746483,0.6276005118620922,0.8048000000000001,0.003551056180912925,0.7583514849344889,0.009635885291057213,0.03557300685097606,0.0037783939215838185,0.8151929983333334,0.0014828538538265799,0.7924398925681212,0.009697401960201614,0.8234062679266545,0.012611476952566524
decoupled,1024,4.0,0.681303675,0.004536457427674078,0.6923075720907601,0.013671129048003688,0.9300476336816227,0.007221880762138838,17.268845534208623,0.5787398676100003,0.8048000000000001,0.003551056180912925,0.7586236397425333,0.009768899414560583,0.03538247462206202,0.003706924223766607,0.8144393266666667,0.0015235135726367705,0.7923764123642697,0.00934704550543568,0.823887943044458,0.012049427085805354
decoupled,4096,1.5,0.6183621533333333,0.006109818113717372,0.6219109608686745,0.010638392146492882,0.9266287645974186,0.0029683560997159487,6.230070022537677,0.15417614743071864,0.8048000000000001,0.003551056180912925,0.755311111609141,0.009549818658635472,0.03428486603488435,0.003843792060203284,0.8159901666666666,0.0014415193213613972,0.793099690765212,0.010428070678724985,0.8249166410571603,0.01381419009979619
decoupled,4096,2.0,0.7142270483333334,0.006635522319837315,0.7074768726951444,0.008394357877061802,0.8982534316738372,0.012733694454151664,5.391133700560364,0.15396545932687766,0.8048000000000001,0.003551056180912925,0.7564481894175211,0.009635874498577862,0.03459705923407061,0.0037341514971511334,0.81560526,0.001428370984872194,0.7930277440585946,0.010189535384905945,0.8246145884552346,0.013418522446457162
decoupled,4096,3.0,0.7474689,0.0026830962344695556,0.7356083794304445,0.009519212634696723,0.9051295841016186,0.01768818489322315,3.651244277189288,0.13758201562163289,0.8048000000000001,0.003551056180912925,0.7603006164232889,0.009722971028652284,0.03620273800188992,0.004032863089876804,0.8149196566666665,0.0014334484346352852,0.792246430034829,0.009572792525006838,0.8230008335894284,0.01226013075907966
decoupled,4096,4.0,0.69246526,0.0016845742379084912,0.7018958122054907,0.01350444448715648,0.9307775046097112,0.008220920760256845,3.256282206575419,0.1225702910402443,0.8048000000000001,0.003551056180912925,0.7604388395945231,0.009838965882191247,0.0358866245790635,0.004103208738504229,0.8140591116666668,0.0014101456308155953,0.7919280507324319,0.009023287943396673,0.8231459536980127,0.011428284508406536
decoupled,16384,1.5,0.6637588483333333,0.0034984617323343885,0.6590058940278631,0.005313487813986425,0.9201879737758656,0.003771907323345504,1.02341844481375,0.027794996847232446,0.8048000000000001,0.003551056180912925,0.7556726932525635,0.009609877595169366,0.03435772374197239,0.0037635864572669047,0.8158563983333332,0.001434194397530666,0.7931354742880558,0.010307936603093919,0.8249154156422863,0.013615466934433303
decoupled,16384,2.0,0.7450490983333333,0.003134774367806777,0.7257784015826675,0.01764271225648781,0.8929650686334768,0.023451907969040637,0.7997585822844799,0.02586366475956404,0.8048000000000001,0.003551056180912925,0.7576033274332682,0.009618621213339366,0.034980286840447065,0.003744837969633819,0.8153518000000001,0.0014164310975211764,0.7928008182237246,0.00984232084498548,0.824108475466093,0.012805718809681108
decoupled,16384,3.0,0.7496745466666667,0.0015723229405589637,0.7389155398483918,0.0073097433916318975,0.9033113091579595,0.018508857615820582,0.4565764311663501,0.019686754849180848,0.8048000000000001,0.003551056180912925,0.7628706296284994,0.009778141205199115,0.03719601664421124,0.004005762551822706,0.8145983166666667,0.001411047718623849,0.7916709837891825,0.009466454675404794,0.8220086816226183,0.012055623732232918
decoupled,16384,4.0,0.7033114266666667,0.0020608015330833684,0.7103093794816635,0.014459274619928863,0.9235556238475722,0.006713269637464905,0.394880100588685,0.017002869933741126,0.8048000000000001,0.003551056180912925,0.7629694938659668,0.00994652119968638,0.03691643808700515,0.004043125871068877,0.8136072599999999,0.0014736615236291934,0.7911163151761934,0.008479826082782086,0.8218997144540053,0.010491348053062734
original,1024,20.0,0.314096705,0.00100347541510739,0.4103079479102643,0.04577190364493456,0.9962354025814383,0.004291579439860971,35.3123861695123,0.5561196958642526,0.8048000000000001,0.003551056180912925,0.7472330331802368,0.009977848187415749,0.02993702992166308,0.004114881444478699,0.80918986,0.0015692185043915245,0.7947951649252202,0.0060180803021422395,0.832987339940586,0.006824182161774962
