d,m,feature_map,rho,rho_is_protocol,mse_ratio_simrf_orf,n_r_simrf_better_sig,n_r_orf_better_than_simrf_sig,mse_ratio_rff_orf,n_r_rff_better_sig,n_r_orf_better_than_rff_sig,median_rel_mse_orf,fp32_bad_frac_max,max_abs_bias_over_se
16,64,cos,0.5,False,1.0034032761115137,0,0,1.087941469326321,0,3,0.010657247535965232,0.0,2.7812950056131527
16,64,cos,1.0,False,1.0195302329060338,0,0,1.226601426927624,0,6,0.0322895929557514,0.0,2.7455829006847052
16,64,cos,2.0,False,1.0060277302909786,0,0,1.1330066174335798,0,6,4.223402071775699,0.0,2.8372346465298035
16,64,cos,2.8284270763397217,False,0.9973254933770019,0,0,1.1082570244132042,0,3,4.264414283493521,0.0,1.7312350877153442
16,64,cos,4.0,False,1.0048741846829607,0,0,1.120689776584935,0,3,4.368576419742304,0.0,2.361450775820233
16,64,hyperbolic,0.5,False,1.1970148889422314,0,7,3.841622033698576,0,7,0.0010070648407903228,0.0,2.145732884646896
16,64,hyperbolic,1.0,False,1.0338754109914967,0,1,1.5839051236591022,0,3,0.07501246606900397,0.0,2.0953909152426697
16,64,hyperbolic,2.0,False,0.9593344807750467,0,0,0.768747913048739,0,0,26.622362243188036,0.0,7.8840007624966875
16,64,hyperbolic,2.8284270763397217,False,1.4617251405064342,0,0,1.230722475710046,0,0,252.4091748917279,0.0,12.125950256139825
16,64,hyperbolic,4.0,False,1.156943576355173,0,0,0.4736009428928237,0,0,1.1000272146472232,0.0,9840.56607691319
16,64,positive,0.5,False,0.21167233338253064,7,0,1.2164506807297173,0,6,0.012576602911964187,0.0,1.6294016162181344
16,64,positive,1.0,False,0.7052615419910693,2,0,1.091227118399703,0,2,0.2024726203055221,0.0,1.4832208108890856
16,64,positive,2.0,False,1.533021039165605,0,0,1.8956625942524687,0,0,17.38769147402858,0.0,6.900996529054728
16,64,positive,2.8284270763397217,False,1.1992234971316365,0,0,1.2826924422441617,0,0,185.9380470417724,0.0,26.40147401922969
16,64,positive,4.0,False,1.3737770280305666,0,0,0.6722206364099866,0,0,1.0109967294397109,0.0,13899.90270928332
16,256,cos,0.5,False,1.0060353269834423,0,0,1.0315847418992046,0,1,0.0028021813452832212,0.0,1.7468448368427243
16,256,cos,1.0,False,1.0169401158216316,0,0,1.2005500889651546,0,5,0.007989198227094495,0.0,2.441143133659104
16,256,cos,2.0,False,0.995828241769792,0,0,1.103214600333564,0,3,1.0741892608541606,0.0,2.471850069072531
16,256,cos,2.8284270763397217,False,1.0188304423869892,0,0,1.1220199524777317,0,4,1.0532899610774018,0.0,1.3388599415216564
16,256,cos,4.0,False,1.0052408988601016,1,0,1.1038500494044274,1,3,1.0812123931034923,0.0,2.655779028131446
16,256,hyperbolic,0.5,False,1.192497605715244,0,7,3.4105654811129535,0,7,0.00023908811898594456,0.0,1.3877787807814455e+283
16,256,hyperbolic,1.0,False,1.0159525484934377,0,1,1.6120176454522777,0,5,0.016874481146552302,0.0,3.816391647148976e+283
16,256,hyperbolic,2.0,False,0.9094170415378426,0,0,1.314398652272523,1,0,8.839840965538267,0.0,4.743384504624082e+280
16,256,hyperbolic,2.8284270763397217,False,0.41386161707466446,0,0,0.6393046178602998,0,0,79.50394753403253,0.0,36.61703097996568
16,256,hyperbolic,4.0,False,0.33368370682427045,0,0,0.21855567240103801,0,0,1.1103760983989392,0.0,2906.5701420039145
16,256,positive,0.5,False,0.25693296907445645,7,0,1.2157482821996521,0,7,0.0031108065112309515,0.0,1.3877787807814455e+283
16,256,positive,1.0,False,0.7137551545036521,2,0,1.2439322627296243,0,3,0.04413144234637571,0.0,3.816391647148976e+283
16,256,positive,2.0,False,0.9853271568529216,0,0,0.7941584736341583,0,0,11.072405035791986,0.0,4.743384504624082e+280
16,256,positive,2.8284270763397217,False,0.4978211781124821,0,0,0.3668230031967674,0,0,83.24395791576327,0.0,34.99850182051671
16,256,positive,4.0,False,0.6634811395585583,0,0,1.3756466086044548,0,0,1.0446207082368029,0.0,4505.163384445785
16,1024,cos,0.5,False,1.0054841170188378,0,0,1.1716675062906303,0,3,0.0006694969913566553,0.0,3.257274843717101
16,1024,cos,1.0,False,1.005643495469431,0,0,1.225143117650534,0,5,0.0020313503591359557,0.0,3.2593436657412553
16,1024,cos,2.0,False,1.0088739664571957,0,0,1.1323077817073852,0,4,0.2539891477061124,0.0,3.702981656492997
16,1024,cos,2.8284270763397217,False,1.003656982464632,0,0,1.1255425464225346,0,3,0.26467951669456236,0.0,1.6693168238675675
16,1024,cos,4.0,False,1.0335688957017364,0,1,1.138851343262591,0,4,0.2707984483132187,0.0,2.0388841932276383
16,1024,hyperbolic,0.5,False,1.1737014350697046,0,7,3.2677217207454494,0,7,6.036315831001225e-05,0.0,1.3877787807814455e+283
16,1024,hyperbolic,1.0,False,1.0109841260537191,0,1,1.5366842679959103,0,5,0.0043090534165711476,0.0,3.816391647148976e+283
16,1024,hyperbolic,2.0,False,1.072065195409407,0,0,0.4110354933738063,0,0,8.039039913755964,0.0,4.743384504624082e+280
16,1024,hyperbolic,2.8284270763397217,False,1.0546853987725586,0,0,0.4058785553955086,0,0,139.70277850381277,0.0,13.422367223158354
16,1024,hyperbolic,4.0,False,1.4397756169614948,0,0,0.729780454792707,0,0,1.0197465610664742,0.0,2541.275278622212
16,1024,positive,0.5,False,0.2594630982458219,7,0,1.228247971432034,0,7,0.000761878001085752,0.0,1.3877787807814455e+283
16,1024,positive,1.0,False,0.7352098452501874,4,0,1.1041152162503567,0,3,0.011900774872625138,0.0,3.816391647148976e+283
16,1024,positive,2.0,False,0.7761015489724205,0,0,0.5540134497028681,0,0,14.783458956187069,0.0,4.743384504624082e+280
16,1024,positive,2.8284270763397217,False,1.572399472672244,0,0,0.4011261902094114,0,0,71.94278535326778,0.0,20.780609906380395
16,1024,positive,4.0,False,1.1228602926508853,0,0,0.5752678305695968,0,1,1.0791415968393,0.0,4755.015102380969
64,64,cos,0.5,False,0.9999253131251012,0,0,1.1471102261866146,0,3,0.010622725610766636,0.0,1.8679193607790918
64,64,cos,1.0,False,1.0011468343419674,0,0,1.2359020003135484,0,6,0.03210559724085293,0.0,2.1559433608455594
64,64,cos,2.0,False,1.0011826195044706,0,0,1.1522356754862202,0,5,4.150003614372841,0.0,1.7084213964426171
64,64,cos,4.0,False,0.9982721528215672,0,0,1.125986309662025,0,4,4.305298775437386,0.0,2.151188143240315
64,64,cos,5.656854152679443,False,0.9928727927231429,0,0,1.118430669585975,0,3,4.347848459714203,0.0,1.9160344580655637
64,64,hyperbolic,0.5,False,1.1550949811873308,0,3,10.108753439556994,0,7,0.0003918977427726656,0.0,2.267415615511246
64,64,hyperbolic,1.0,False,1.0169009032107592,0,0,2.2915620506907124,0,5,0.07680421085209956,0.0,1.3367569294892352
64,64,hyperbolic,2.0,False,0.9814335823025961,0,0,0.6909244864243365,0,1,20.036412471892433,0.0,4.778453580643199
64,64,hyperbolic,4.0,False,1.3999040955417155,0,0,1.1977998938378112,0,0,1.017562138321337,0.0,9138.192046276503
64,64,hyperbolic,5.656854152679443,False,1.0000003143411627,0,0,0.9999990305719042,0,0,0.9999999975450391,0.0,182871297604.04
64,64,positive,0.5,False,0.1127755908847473,7,0,1.3024740120697926,0,7,0.011739251662045907,0.0,2.5215152998054777
64,64,positive,1.0,False,0.6562006005128721,2,0,1.2543762712380235,0,3,0.22130968206870982,0.0,2.5954810869047233
64,64,positive,2.0,False,0.9105980662012718,0,0,1.2968932767922325,0,1,20.49047105206119,0.0,4.234541207525761
64,64,positive,4.0,False,1.3898908538582306,0,0,0.3365357281042557,0,0,1.0133421343488198,0.0,24920.02406668817
64,64,positive,5.656854152679443,False,0.9999999680837178,0,0,0.9999973830115036,0,0,0.9999999995167999,0.0,223548759067.39935
64,256,cos,0.5,False,1.0027523964334353,0,0,1.1108938612682588,0,3,0.002709532163992471,0.0,2.8527722077279676
64,256,cos,1.0,False,1.0052694932086663,0,0,1.2452021070293013,0,7,0.0081227877146428,0.0,2.530755257377703
64,256,cos,2.0,False,1.0103349023604795,0,0,1.1263961398112665,0,5,1.0656495378949198,0.0,2.1757953605954077
64,256,cos,4.0,False,0.9952690309372737,0,0,1.0959544907326297,0,3,1.0574038409177424,0.0,1.4948629949236676
64,256,cos,5.656854152679443,False,0.995161116080941,0,0,1.126123841023671,1,4,1.0204744658343627,0.0,2.2013427151098126
64,256,hyperbolic,0.5,False,1.131768441266397,0,6,7.488870751112064,0,7,9.556663858624779e-05,0.0,4.163336342344337e+283
64,256,hyperbolic,1.0,False,1.0168055894256227,0,1,2.22323757263868,0,7,0.013164269532249752,0.0,3.469446951953614e+283
64,256,hyperbolic,2.0,False,0.8405308974408802,0,0,0.8731705749710369,0,0,4.535677666173526,0.0,4.743384504624082e+280
64,256,hyperbolic,4.0,False,0.8978629385184635,0,0,1.673104551325108,0,0,1.0079082675822235,0.0,7475.781060531262
64,256,hyperbolic,5.656854152679443,False,1.0000000195703358,0,0,0.999994540588537,0,0,0.9999999971138835,0.0,68006731018.04826
64,256,positive,0.5,False,0.14653633390762194,7,0,1.2359503512101595,0,7,0.0029498925267798497,0.0,4.163336342344337e+283
64,256,positive,1.0,False,0.6821405410542613,3,0,1.308191276244619,0,4,0.04667028461994155,0.0,3.469446951953614e+283
64,256,positive,2.0,False,0.9604992792450363,0,0,1.3582450379088853,0,0,12.684406434941705,0.0,4.743384504624082e+280
64,256,positive,4.0,False,0.8038410489320682,0,0,1.055212894398401,0,1,0.999097271065357,0.0,16770.402355376194
64,256,positive,5.656854152679443,False,1.0000000287889776,0,0,0.9999895965624885,0,0,0.9999999978341447,0.0,43286739968.267136
64,1024,cos,0.5,False,1.0042021553966596,0,0,1.138092055043173,0,3,0.0006712106294119644,0.0,0.6972215967666016
64,1024,cos,1.0,False,1.0078687849251122,0,0,1.227766122594048,0,7,0.001989412977074655,0.0,1.9833682376788002
64,1024,cos,2.0,False,1.0049659338395125,0,0,1.1158055445055943,0,3,0.26551770402443264,0.0,2.400451119413961
64,1024,cos,4.0,False,0.9951878516360411,0,0,1.111599211890383,0,3,0.2673595284580526,0.0,2.255481971373739
64,1024,cos,5.656854152679443,False,0.9948552055206763,0,0,1.0996911015807838,0,3,0.2634371130493167,0.0,1.811193121769312
64,1024,hyperbolic,0.5,False,1.129264822591553,0,7,7.3931140579848424,0,7,2.481696826713726e-05,0.0,4.163336342344337e+283
64,1024,hyperbolic,1.0,False,1.0349985923159266,0,1,2.0547490231472527,0,7,0.0037909490571104223,0.0,3.469446951953614e+283
64,1024,hyperbolic,2.0,False,1.104012545756981,0,0,1.0256729468405397,0,0,2.48959406918744,0.0,4.743384504624082e+280
64,1024,hyperbolic,4.0,False,0.8975469322189569,0,0,0.4775877252308178,0,0,3.9444084148926777,0.0,316.6467606698565
64,1024,hyperbolic,5.656854152679443,False,0.9999998493481804,0,0,0.9999999862197531,0,0,0.9999999937609878,0.0,39914320679.46264
64,1024,positive,0.5,False,0.15266925191078742,7,0,1.2409360918424779,0,6,0.0007292497006825547,0.0,4.163336342344337e+283
64,1024,positive,1.0,False,0.7049195659957518,3,0,1.2886925405661167,0,4,0.012553848517320549,0.0,3.469446951953614e+283
64,1024,positive,2.0,False,1.1862370091415746,0,0,1.2023666051642605,0,0,4.367596711647574,0.0,4.743384504624082e+280
64,1024,positive,4.0,False,0.8237175621017697,0,0,0.15712973872609456,0,0,8.92150754544868,0.0,650.7266265222047
64,1024,positive,5.656854152679443,False,0.9999997056534053,0,0,1.0000000872093675,0,0,0.9999999949571132,0.0,49585153614.01
512,64,cos,0.5,False,1.0005667897538613,0,0,1.00845838126045,0,0,0.012368825897766427,0.0,1.5783928655181527
512,64,cos,1.0,False,1.000175043539431,0,0,1.035820823467529,1,2,0.043264357555100504,0.0,1.2899205331185941
512,64,cos,2.0,False,1.0027451854169593,0,0,1.023154017263224,0,1,4.746294423486395,0.0,1.4068000489680565
512,64,cos,4.0,False,0.9988299236391631,0,0,1.0193869301958656,0,1,4.570378445071747,0.0,2.054352556001396
512,64,cos,16.0,True,1.0051260974346996,0,0,1.0308110907806245,0,0,4.274259012247556,0.0,2.302946256762913
512,64,hyperbolic,0.5,False,1.0028069267269042,0,0,1.0821152141860455,0,3,0.0034849848570924075,0.0,1.8424863074652278
512,64,hyperbolic,1.0,False,1.007066648654165,0,0,1.1564265800153484,0,1,0.09591673134437788,0.0,2.0438030581969038
512,64,hyperbolic,2.0,False,0.9037403464692065,0,0,0.42974165307199985,0,0,22.395830173136446,0.0,3.0542521728088725
512,64,hyperbolic,4.0,False,0.9986547765604092,0,0,1.0693013999356382,0,0,0.9995050084144452,0.0,33735.067475478456
512,64,hyperbolic,16.0,True,1.0,0,0,1.0,0,0,1.0,1.0,8.824969025845953e+299
512,64,positive,0.5,False,0.9199523013358184,2,0,1.0194613665036452,0,0,0.014801747891487386,0.0,1.5395864360696405
512,64,positive,1.0,False,0.9689068587235273,0,0,0.9296979178760407,0,0,0.24426654865504574,0.0,2.0242791590332594
512,64,positive,2.0,False,0.9889743080844189,0,0,0.3355002782165633,0,0,27.535707535586972,0.0,3.941551055843011
512,64,positive,4.0,False,0.9980891599634825,0,0,1.0815669486183814,0,1,0.9995721688762988,0.0,80238.21523740259
512,64,positive,16.0,True,1.0,0,0,1.0,0,0,1.0,1.0,8.824969025845953e+299
512,256,cos,0.5,False,0.999829170902262,0,0,0.9905358115197634,0,0,0.00277456205106224,0.0,1.0131319478007306
512,256,cos,1.0,False,0.9996176781810625,0,0,1.0872049775143247,0,4,0.009625354741777701,0.0,0.9996929389789271
512,256,cos,2.0,False,1.0003229724401177,0,0,1.0876233678151561,0,3,1.0808583644304623,0.0,2.998386625605833
512,256,cos,4.0,False,0.9952872000141029,0,0,1.0285029631218716,0,2,1.1246852407298917,0.0,1.9493067087219553
512,256,cos,16.0,True,1.0007916065291258,0,0,1.0844163495613075,0,4,1.0430988957391731,0.0,2.3226695139922655
512,256,hyperbolic,0.5,False,1.0012695598059613,0,0,1.7402317981334707,0,7,0.0005028952941973372,0.0,5.551115123125782e+283
512,256,hyperbolic,1.0,False,0.9897846439896736,0,0,1.4302631378637922,0,5,0.019132520728894556,0.0,2.42861286636753e+283
512,256,hyperbolic,2.0,False,0.9591055931130948,0,0,1.2818083634685993,0,0,3.9512797034780895,0.0,2.032879073410321e+280
512,256,hyperbolic,4.0,False,0.9491982702249023,0,0,0.8744243693518912,0,0,1.1234894951625085,0.0,6060.029682099034
512,256,hyperbolic,16.0,True,1.0,0,0,1.0,0,0,1.0,1.0,8.824969025845953e+299
512,256,positive,0.5,False,0.6443895018330145,7,0,1.1276428813406716,0,6,0.003261142253322684,0.0,5.551115123125782e+283
512,256,positive,1.0,False,0.8658577181313638,2,0,1.1846985149806395,0,2,0.04922830429909481,0.0,2.42861286636753e+283
512,256,positive,2.0,False,0.9909773006881366,0,0,0.9419567972129981,0,0,8.110456971754806,0.0,2.032879073410321e+280
512,256,positive,4.0,False,1.0164237353106067,0,0,0.8585512930077069,0,0,1.051355953076178,0.0,11640.983020862373
512,256,positive,16.0,True,1.0,0,0,1.0,0,0,1.0,1.0,8.824969025845953e+299
512,1024,cos,0.5,False,0.999928405185762,0,0,1.2136801989701753,0,3,0.0006879648354930219,0.0,1.0804700879321467
512,1024,cos,1.0,False,0.999880631742023,0,0,1.2630547133365007,0,6,0.0019589341240385675,0.0,2.978380212556915
512,1024,cos,2.0,False,1.0003358389337162,0,0,1.1416242314025418,0,4,0.2637526033241514,0.0,2.5182059834206063
512,1024,cos,4.0,False,1.0009241097055865,0,0,1.128847719472806,0,4,0.2673029994356632,0.0,1.7246889271906027
512,1024,cos,16.0,True,1.0151565747239155,0,0,1.1338211590652831,0,3,0.26365163572223277,0.0,2.286685907344695
512,1024,hyperbolic,0.5,False,1.053185472755622,0,1,16.072061581738723,0,7,1.1280974939454123e-05,0.0,5.551115123125782e+283
512,1024,hyperbolic,1.0,False,1.0051927623553454,0,0,2.392774042031806,0,7,0.002802850228478138,0.0,2.42861286636753e+283
512,1024,hyperbolic,2.0,False,0.9879465413511551,0,0,0.706083013458781,0,0,2.5234935024486105,0.0,2.032879073410321e+280
512,1024,hyperbolic,4.0,False,0.9259316549849674,0,0,0.7512635999513436,0,0,1.0139846435898785,0.0,7735.809959328115
512,1024,hyperbolic,16.0,True,1.0,0,0,1.0,0,0,1.0,1.0,8.824969025845953e+299
512,1024,positive,0.5,False,0.1062119879750126,7,0,1.2766013872612278,0,7,0.000695242433113444,0.0,5.551115123125782e+283
512,1024,positive,1.0,False,0.6344981401049267,4,0,1.2561762835558246,0,3,0.010218524405402081,0.0,2.42861286636753e+283
512,1024,positive,2.0,False,0.9714693932828394,0,0,0.8757301755289402,0,0,2.5032240566035497,0.0,2.032879073410321e+280
512,1024,positive,4.0,False,0.9259599127254486,0,0,0.5110478152026545,0,0,1.0013120074641564,0.0,11550.865883543009
512,1024,positive,16.0,True,1.0,0,0,1.0,0,0,1.0,1.0,8.824969025845953e+299
