model,level,n,acc,mean_conf,mean_conf_correct,mean_conf_incorrect,frac_wrong_conf_ge_0.9
Baseline Classifier,0,3419.0,0.9812810763381106,0.9353138815244411,0.9409941679585708,0.6375426161102951,0.0008774495466510676
Baseline Classifier,1,3419.0,0.7671833869552501,0.8723754665418548,0.9138525614995698,0.7356990594136056,0.0739982451009067
Baseline Classifier,2,3419.0,0.5911085112606025,0.8349115176921214,0.888290611427058,0.7577447448464081,0.14711904065516232
Baseline Classifier,3,3419.0,0.46563322608949986,0.8194180735155099,0.8701739632828751,0.7751907191041003,0.21263527347177538
Baseline Classifier,4,3419.0,0.3778882714243931,0.813346242039097,0.8526259323714688,0.7894866464070216,0.2684995612752267
Baseline Classifier,5,3419.0,0.3182217022521205,0.8154156450013313,0.8443062422961435,0.8019308874480257,0.3103246563322609
Deep Ensemble,0,3419.0,0.9888856390757531,0.9490880784356619,0.9528423733557515,0.6150546277824201,0.0008774495466510676
Deep Ensemble,1,3419.0,0.7727405674173735,0.8738234040157667,0.9176158225509274,0.7249179088164174,0.0792629423808131
Deep Ensemble,2,3419.0,0.598420590816028,0.8345350995899536,0.8918104696061138,0.7491852037027988,0.1596958174904943
Deep Ensemble,3,3419.0,0.46972799064053816,0.8120433981218474,0.8688995514719157,0.7616788188167126,0.22901433167592863
Deep Ensemble,4,3419.0,0.3866627668909038,0.799866718231638,0.844226095955058,0.7719014834436736,0.2746417081017841
Deep Ensemble,5,3419.0,0.3287510968119333,0.7997944135176365,0.8407598256905732,0.7797311789719368,0.3155893536121673
Monte Carlo Dropout,0,3419.0,0.9809885931558935,0.9337353160608648,0.9395416692192524,0.634127493088062,0.0008774495466510676
Monte Carlo Dropout,1,3419.0,0.766013454226382,0.869769453444513,0.9124036378057552,0.7301957923918962,0.07312079555425563
Monte Carlo Dropout,2,3419.0,0.5911085112606025,0.8314526883150339,0.8851738277931487,0.7537914416159853,0.14390172565077508
Monte Carlo Dropout,3,3419.0,0.4650482597250658,0.8154582671513855,0.8675660663618232,0.7701595242620493,0.20883299210295408
Monte Carlo Dropout,4,3419.0,0.37847323778882713,0.8093066739561824,0.8484583890189343,0.7854655825250288,0.2629423808131032
Monte Carlo Dropout,5,3419.0,0.31792921906990346,0.8110930039829314,0.8407095722655364,0.7972880255424547,0.30476747587013747
SNGP,0,3419.0,0.9818660427025446,0.905074539171321,0.911501072815461,0.5571088384716741,0.0008774495466510676
SNGP,1,3419.0,0.7838549283416204,0.803307465452763,0.8627264315123433,0.5878232583625391,0.02895583503948523
SNGP,2,3419.0,0.6183094472067856,0.7320897310370763,0.8162597051293871,0.5957408228139768,0.05410938871014916
SNGP,3,3419.0,0.493419128400117,0.6736636539192777,0.7671084715352655,0.5826466750981626,0.0661011991810471
SNGP,4,3419.0,0.4100614214682656,0.6337207207190917,0.7207310246396677,0.5732405788764305,0.0751681778297748
SNGP,5,3419.0,0.3454226381983036,0.6059778245587069,0.6940134205271086,0.5595211494743983,0.07224334600760456
SNGP + Spectral Reg,0,3419.0,0.9751389295115531,0.9782847420588402,0.9846832136515736,0.7273141033509198,0.006142146826557473
SNGP + Spectral Reg,1,3419.0,0.7712781515062884,0.8945876777206956,0.9535974710671161,0.6955994103875611,0.06814858145656624
SNGP + Spectral Reg,2,3419.0,0.6048552208248026,0.8319751081819875,0.9190818185285743,0.6986392998942439,0.12138052062006435
SNGP + Spectral Reg,3,3419.0,0.480257385200351,0.7769703529415579,0.8840565745708567,0.6780195505131345,0.14624159110851126
SNGP + Spectral Reg,4,3419.0,0.3869552500731208,0.7423371017397619,0.8523463515828076,0.6728990113092516,0.17461245978356243
SNGP + Spectral Reg,5,3419.0,0.32377888271424393,0.7134076657395294,0.8221311966578165,0.6613501619650728,0.18338695525007312
