model,level,bin_left,bin_right,pct_correct,pct_incorrect,pct_total
Baseline Classifier,0,0.125,0.16875,0.0,0.0,0.0
Baseline Classifier,0,0.16875,0.2125,0.0,0.0,0.0
Baseline Classifier,0,0.2125,0.25625,0.0,0.0,0.0
Baseline Classifier,0,0.25625,0.3,0.0,0.0,0.0
Baseline Classifier,0,0.3,0.34375,0.0,0.0,0.0
Baseline Classifier,0,0.34375,0.38749999999999996,0.0,0.0,0.0
Baseline Classifier,0,0.38749999999999996,0.43124999999999997,0.0,0.058496636443404505,0.058496636443404505
Baseline Classifier,0,0.43124999999999997,0.475,0.11699327288680901,0.029248318221702253,0.14624159110851126
Baseline Classifier,0,0.475,0.51875,0.23398654577361802,0.20473822755191576,0.4387247733255338
Baseline Classifier,0,0.51875,0.5625,0.7019596373208541,0.38022813688212925,1.0821877742029833
Baseline Classifier,0,0.5625,0.60625,0.6727113190991518,0.20473822755191576,0.8774495466510676
Baseline Classifier,0,0.60625,0.6499999999999999,0.7312079555425564,0.20473822755191576,0.9359461830944721
Baseline Classifier,0,0.6499999999999999,0.69375,0.7604562737642585,0.20473822755191576,0.9651945013161742
Baseline Classifier,0,0.69375,0.7374999999999999,1.1114360924246856,0.20473822755191576,1.3161743199766014
Baseline Classifier,0,0.7374999999999999,0.78125,1.7256507750804329,0.08774495466510676,1.8133957297455396
Baseline Classifier,0,0.78125,0.825,2.6031003217315005,0.08774495466510676,2.6908452763966073
Baseline Classifier,0,0.825,0.8687499999999999,3.948522959929804,0.058496636443404505,4.007019596373208
Baseline Classifier,0,0.8687499999999999,0.9125,6.259140099444282,0.058496636443404505,6.317636735887686
Baseline Classifier,0,0.9125,0.9562499999999999,15.413863702837087,0.029248318221702253,15.44311202105879
Baseline Classifier,0,0.9562499999999999,1.0,63.84907867797602,0.058496636443404505,63.90757531441942
Baseline Classifier,1,0.125,0.16875,0.0,0.0,0.0
Baseline Classifier,1,0.16875,0.2125,0.0,0.0,0.0
Baseline Classifier,1,0.2125,0.25625,0.0,0.0,0.0
Baseline Classifier,1,0.25625,0.3,0.029248318221702253,0.058496636443404505,0.08774495466510676
Baseline Classifier,1,0.3,0.34375,0.08774495466510676,0.2924831822170225,0.3802281368821293
Baseline Classifier,1,0.34375,0.38749999999999996,0.14624159110851126,0.4094764551038315,0.5557180462123428
Baseline Classifier,1,0.38749999999999996,0.43124999999999997,0.20473822755191576,0.8774495466510676,1.0821877742029833
Baseline Classifier,1,0.43124999999999997,0.475,0.4387247733255338,0.9359461830944721,1.374670956420006
Baseline Classifier,1,0.475,0.51875,0.8482012284293653,2.0473822755191575,2.8955835039485227
Baseline Classifier,1,0.51875,0.5625,0.9359461830944721,1.3161743199766014,2.2521205030710734
Baseline Classifier,1,0.5625,0.60625,1.0236911377595788,1.9303890026323487,2.9540801403919277
Baseline Classifier,1,0.60625,0.6499999999999999,0.9944428195378766,1.1114360924246856,2.105878911962562
Baseline Classifier,1,0.6499999999999999,0.69375,1.4916642293068147,1.16993272886809,2.661596958174905
Baseline Classifier,1,0.69375,0.7374999999999999,1.3454226381983037,1.1991810470897923,2.544603685288096
Baseline Classifier,1,0.7374999999999999,0.78125,1.8718923661889442,1.052939455981281,2.9248318221702254
Baseline Classifier,1,0.78125,0.825,2.2521205030710734,1.374670956420006,3.6267914594910793
Baseline Classifier,1,0.825,0.8687499999999999,3.831529687042995,1.3454226381983037,5.176952325241299
Baseline Classifier,1,0.8687499999999999,0.9125,5.966656917227259,1.16993272886809,7.136589646095349
Baseline Classifier,1,0.9125,0.9562499999999999,12.138052062006434,2.0181339572974553,14.156186019303888
Baseline Classifier,1,0.9562499999999999,1.0,43.11202105878912,4.972214097689383,48.0842351564785
Baseline Classifier,2,0.125,0.16875,0.0,0.0,0.0
Baseline Classifier,2,0.16875,0.2125,0.0,0.0,0.0
Baseline Classifier,2,0.2125,0.25625,0.0,0.058496636443404505,0.058496636443404505
Baseline Classifier,2,0.25625,0.3,0.0,0.2924831822170225,0.2924831822170225
Baseline Classifier,2,0.3,0.34375,0.058496636443404505,0.4094764551038315,0.46797309154723604
Baseline Classifier,2,0.34375,0.38749999999999996,0.26323486399532026,0.9066978648727698,1.16993272886809
Baseline Classifier,2,0.38749999999999996,0.43124999999999997,0.38022813688212925,1.3454226381983037,1.7256507750804329
Baseline Classifier,2,0.43124999999999997,0.475,0.6434630008774496,1.520912547528517,2.1643755484059666
Baseline Classifier,2,0.475,0.51875,1.16993272886809,2.1643755484059666,3.3343082772740567
Baseline Classifier,2,0.51875,0.5625,1.1406844106463878,2.6031003217315005,3.7437847323778883
Baseline Classifier,2,0.5625,0.60625,1.1406844106463878,2.3691137759578824,3.5097981866042702
Baseline Classifier,2,0.60625,0.6499999999999999,0.9066978648727698,2.222872184849371,3.129570049722141
Baseline Classifier,2,0.6499999999999999,0.69375,1.5794091839719215,1.7841474115238374,3.363556595495759
Baseline Classifier,2,0.69375,0.7374999999999999,1.6086575021936238,1.6671541386370283,3.275811640830652
Baseline Classifier,2,0.7374999999999999,0.78125,1.842644047967242,2.1643755484059666,4.007019596373208
Baseline Classifier,2,0.78125,0.825,2.2521205030710734,2.222872184849371,4.4749926879204445
Baseline Classifier,2,0.825,0.8687499999999999,3.129570049722141,2.3983620941795847,5.527932143901726
Baseline Classifier,2,0.8687499999999999,0.9125,5.0307107341327875,2.778590231061714,7.809300965194502
Baseline Classifier,2,0.9125,0.9562499999999999,8.56975723895876,3.6560397777127815,12.22579701667154
Baseline Classifier,2,0.9562499999999999,1.0,29.394559812810762,10.324656332260895,39.719216145071655
Baseline Classifier,3,0.125,0.16875,0.0,0.0,0.0
Baseline Classifier,3,0.16875,0.2125,0.0,0.0,0.0
Baseline Classifier,3,0.2125,0.25625,0.0,0.08774495466510676,0.08774495466510676
Baseline Classifier,3,0.25625,0.3,0.029248318221702253,0.35097981866042705,0.3802281368821293
Baseline Classifier,3,0.3,0.34375,0.20473822755191576,0.35097981866042705,0.5557180462123428
Baseline Classifier,3,0.34375,0.38749999999999996,0.20473822755191576,1.4331675928634104,1.6379058204153263
Baseline Classifier,3,0.38749999999999996,0.43124999999999997,0.35097981866042705,1.3454226381983037,1.6964024568587308
Baseline Classifier,3,0.43124999999999997,0.475,0.5557180462123428,2.0473822755191575,2.6031003217315005
Baseline Classifier,3,0.475,0.51875,1.1406844106463878,2.544603685288096,3.685288095934484
Baseline Classifier,3,0.51875,0.5625,1.2869260017548991,2.749341912840012,4.0362679145949105
Baseline Classifier,3,0.5625,0.60625,1.4624159110851127,2.895583503948523,4.357999415033635
Baseline Classifier,3,0.60625,0.6499999999999999,0.7897045919859608,2.310617139514478,3.1003217315004385
Baseline Classifier,3,0.6499999999999999,0.69375,1.2576776835331969,2.3983620941795847,3.6560397777127815
Baseline Classifier,3,0.69375,0.7374999999999999,1.16993272886809,2.105878911962562,3.275811640830652
Baseline Classifier,3,0.7374999999999999,0.78125,1.7841474115238374,2.632348639953203,4.41649605147704
Baseline Classifier,3,0.78125,0.825,1.9888856390757532,3.0710734132787363,5.05995905235449
Baseline Classifier,3,0.825,0.8687499999999999,2.427610412401287,3.0710734132787363,5.498683825680024
Baseline Classifier,3,0.8687499999999999,0.9125,4.211757823925124,3.4513015501608657,7.663059374085989
Baseline Classifier,3,0.9125,0.9562499999999999,6.785609827434922,5.001462415911085,11.787072243346007
Baseline Classifier,3,0.9562499999999999,1.0,20.91254752851711,15.5893536121673,36.50190114068441
Baseline Classifier,4,0.125,0.16875,0.0,0.0,0.0
Baseline Classifier,4,0.16875,0.2125,0.0,0.0,0.0
Baseline Classifier,4,0.2125,0.25625,0.0,0.029248318221702253,0.029248318221702253
Baseline Classifier,4,0.25625,0.3,0.08774495466510676,0.4387247733255338,0.5264697279906405
Baseline Classifier,4,0.3,0.34375,0.08774495466510676,0.6142146826557473,0.7019596373208541
Baseline Classifier,4,0.34375,0.38749999999999996,0.3217315004387248,1.2284293653114946,1.5501608657502195
Baseline Classifier,4,0.38749999999999996,0.43124999999999997,0.3217315004387248,1.4331675928634104,1.7548990933021353
Baseline Classifier,4,0.43124999999999997,0.475,0.6727113190991518,2.222872184849371,2.895583503948523
Baseline Classifier,4,0.475,0.51875,1.0821877742029833,2.9248318221702254,4.007019596373208
Baseline Classifier,4,0.51875,0.5625,1.2869260017548991,2.6031003217315005,3.8900263234863997
Baseline Classifier,4,0.5625,0.60625,0.9944428195378766,2.8370868675051186,3.831529687042995
Baseline Classifier,4,0.60625,0.6499999999999999,1.3161743199766014,2.7200935946183096,4.0362679145949105
Baseline Classifier,4,0.6499999999999999,0.69375,1.2576776835331969,2.310617139514478,3.5682948230476748
Baseline Classifier,4,0.69375,0.7374999999999999,1.0821877742029833,3.158818367943843,4.241006142146826
Baseline Classifier,4,0.7374999999999999,0.78125,1.1991810470897923,2.7200935946183096,3.919274641708102
Baseline Classifier,4,0.78125,0.825,1.637905820415326,3.3343082772740567,4.972214097689383
Baseline Classifier,4,0.825,0.8687499999999999,2.2521205030710734,3.6560397777127815,5.908160280783855
Baseline Classifier,4,0.8687499999999999,0.9125,3.1880666861655453,4.357999415033635,7.54606610119918
Baseline Classifier,4,0.9125,0.9562499999999999,5.527932143901726,6.200643463000877,11.728575606902602
Baseline Classifier,4,0.9562499999999999,1.0,15.472360339280492,19.420883299210296,34.89324363849079
Baseline Classifier,5,0.125,0.16875,0.0,0.0,0.0
Baseline Classifier,5,0.16875,0.2125,0.0,0.0,0.0
Baseline Classifier,5,0.2125,0.25625,0.0,0.029248318221702253,0.029248318221702253
Baseline Classifier,5,0.25625,0.3,0.058496636443404505,0.20473822755191576,0.26323486399532026
Baseline Classifier,5,0.3,0.34375,0.17548990933021352,0.6142146826557473,0.7897045919859609
Baseline Classifier,5,0.34375,0.38749999999999996,0.23398654577361802,1.520912547528517,1.7548990933021351
Baseline Classifier,5,0.38749999999999996,0.43124999999999997,0.4972214097689383,1.5794091839719215,2.07663059374086
Baseline Classifier,5,0.43124999999999997,0.475,0.584966364434045,1.9303890026323487,2.5153553670663937
Baseline Classifier,5,0.475,0.51875,0.7897045919859608,2.544603685288096,3.3343082772740567
Baseline Classifier,5,0.51875,0.5625,1.1406844106463878,2.8370868675051186,3.9777712781515064
Baseline Classifier,5,0.5625,0.60625,0.9359461830944721,2.6031003217315005,3.5390465048259725
Baseline Classifier,5,0.60625,0.6499999999999999,1.0821877742029833,2.7200935946183096,3.802281368821293
Baseline Classifier,5,0.6499999999999999,0.69375,1.1114360924246856,3.1880666861655453,4.299502778590231
Baseline Classifier,5,0.69375,0.7374999999999999,1.0821877742029833,3.0125767768353318,4.094764551038315
Baseline Classifier,5,0.7374999999999999,0.78125,1.3454226381983037,3.392804913717461,4.738227551915765
Baseline Classifier,5,0.78125,0.825,1.2284293653114946,3.0710734132787363,4.299502778590231
Baseline Classifier,5,0.825,0.8687499999999999,1.8718923661889442,4.007019596373208,5.878911962562152
Baseline Classifier,5,0.8687499999999999,0.9125,2.6031003217315005,5.674173735010237,8.277274056741739
Baseline Classifier,5,0.9125,0.9562499999999999,4.650482597250658,6.961099736765136,11.611582334015793
Baseline Classifier,5,0.9562499999999999,1.0,12.430535244223456,22.287218484937117,34.71775372916058
Deep Ensemble,0,0.125,0.16875,0.0,0.0,0.0
Deep Ensemble,0,0.16875,0.2125,0.0,0.0,0.0
Deep Ensemble,0,0.2125,0.25625,0.0,0.0,0.0
Deep Ensemble,0,0.25625,0.3,0.0,0.0,0.0
Deep Ensemble,0,0.3,0.34375,0.0,0.0,0.0
Deep Ensemble,0,0.34375,0.38749999999999996,0.0,0.0,0.0
Deep Ensemble,0,0.38749999999999996,0.43124999999999997,0.058496636443404505,0.08774495466510676,0.14624159110851126
Deep Ensemble,0,0.43124999999999997,0.475,0.058496636443404505,0.058496636443404505,0.11699327288680901
Deep Ensemble,0,0.475,0.51875,0.20473822755191576,0.14624159110851126,0.35097981866042705
Deep Ensemble,0,0.51875,0.5625,0.2924831822170225,0.17548990933021352,0.46797309154723604
Deep Ensemble,0,0.5625,0.60625,0.584966364434045,0.20473822755191576,0.7897045919859608
Deep Ensemble,0,0.60625,0.6499999999999999,0.818952910207663,0.058496636443404505,0.8774495466510676
Deep Ensemble,0,0.6499999999999999,0.69375,0.7312079555425564,0.11699327288680901,0.8482012284293654
Deep Ensemble,0,0.69375,0.7374999999999999,0.8774495466510676,0.058496636443404505,0.9359461830944721
Deep Ensemble,0,0.7374999999999999,0.78125,1.4624159110851127,0.029248318221702253,1.491664229306815
Deep Ensemble,0,0.78125,0.825,1.9011406844106464,0.08774495466510676,1.9888856390757532
Deep Ensemble,0,0.825,0.8687499999999999,2.778590231061714,0.0,2.778590231061714
Deep Ensemble,0,0.8687499999999999,0.9125,4.796724188359169,0.0,4.796724188359169
Deep Ensemble,0,0.9125,0.9562499999999999,11.81632056156771,0.058496636443404505,11.874817198011115
Deep Ensemble,0,0.9562499999999999,1.0,72.50658087159988,0.029248318221702253,72.53582918982158
Deep Ensemble,1,0.125,0.16875,0.0,0.0,0.0
Deep Ensemble,1,0.16875,0.2125,0.0,0.0,0.0
Deep Ensemble,1,0.2125,0.25625,0.0,0.0,0.0
Deep Ensemble,1,0.25625,0.3,0.0,0.08774495466510676,0.08774495466510676
Deep Ensemble,1,0.3,0.34375,0.08774495466510676,0.26323486399532026,0.35097981866042705
Deep Ensemble,1,0.34375,0.38749999999999996,0.23398654577361802,0.584966364434045,0.818952910207663
Deep Ensemble,1,0.38749999999999996,0.43124999999999997,0.38022813688212925,1.1114360924246856,1.4916642293068147
Deep Ensemble,1,0.43124999999999997,0.475,0.4094764551038315,1.374670956420006,1.7841474115238374
Deep Ensemble,1,0.475,0.51875,0.8482012284293653,2.0473822755191575,2.8955835039485227
Deep Ensemble,1,0.51875,0.5625,1.1991810470897923,1.7548990933021351,2.9540801403919277
Deep Ensemble,1,0.5625,0.60625,0.6727113190991518,1.5501608657502193,2.222872184849371
Deep Ensemble,1,0.60625,0.6499999999999999,1.520912547528517,1.2284293653114946,2.749341912840012
Deep Ensemble,1,0.6499999999999999,0.69375,0.9359461830944721,1.1114360924246856,2.0473822755191575
Deep Ensemble,1,0.69375,0.7374999999999999,1.4916642293068147,0.6142146826557473,2.105878911962562
Deep Ensemble,1,0.7374999999999999,0.78125,1.9888856390757532,0.7604562737642585,2.749341912840012
Deep Ensemble,1,0.78125,0.825,2.6031003217315005,0.8774495466510676,3.480549868382568
Deep Ensemble,1,0.825,0.8687499999999999,3.041825095057034,0.818952910207663,3.860778005264697
Deep Ensemble,1,0.8687499999999999,0.9125,4.5919859608072535,0.9944428195378766,5.5864287803451305
Deep Ensemble,1,0.9125,0.9562499999999999,9.183971921614507,1.6671541386370283,10.851126060251536
Deep Ensemble,1,0.9562499999999999,1.0,48.0842351564785,5.878911962562153,53.963147119040656
Deep Ensemble,2,0.125,0.16875,0.0,0.0,0.0
Deep Ensemble,2,0.16875,0.2125,0.0,0.0,0.0
Deep Ensemble,2,0.2125,0.25625,0.029248318221702253,0.0,0.029248318221702253
Deep Ensemble,2,0.25625,0.3,0.029248318221702253,0.23398654577361802,0.26323486399532026
Deep Ensemble,2,0.3,0.34375,0.11699327288680901,0.7312079555425564,0.8482012284293654
Deep Ensemble,2,0.34375,0.38749999999999996,0.2924831822170225,1.2576776835331969,1.5501608657502195
Deep Ensemble,2,0.38749999999999996,0.43124999999999997,0.46797309154723604,2.0181339572974553,2.4861070488446915
Deep Ensemble,2,0.43124999999999997,0.475,0.7897045919859608,2.07663059374086,2.8663351857268204
Deep Ensemble,2,0.475,0.51875,0.9359461830944721,2.0473822755191575,2.9833284586136295
Deep Ensemble,2,0.51875,0.5625,1.052939455981281,2.3983620941795847,3.4513015501608657
Deep Ensemble,2,0.5625,0.60625,0.9651945013161743,2.2521205030710734,3.2173150043872476
Deep Ensemble,2,0.60625,0.6499999999999999,1.2576776835331969,2.0181339572974553,3.275811640830652
Deep Ensemble,2,0.6499999999999999,0.69375,1.3454226381983037,1.9011406844106464,3.2465633226089503
Deep Ensemble,2,0.69375,0.7374999999999999,1.959637320854051,1.5794091839719215,3.5390465048259725
Deep Ensemble,2,0.7374999999999999,0.78125,1.7841474115238374,1.2576776835331969,3.0418250950570345
Deep Ensemble,2,0.78125,0.825,2.5738520035097983,1.8133957297455396,4.387247733255338
Deep Ensemble,2,0.825,0.8687499999999999,2.749341912840012,1.3161743199766014,4.065516232816613
Deep Ensemble,2,0.8687499999999999,0.9125,3.6560397777127815,1.8133957297455396,5.469435507458321
Deep Ensemble,2,0.9125,0.9562499999999999,6.961099736765136,3.275811640830652,10.236911377595789
Deep Ensemble,2,0.9562499999999999,1.0,32.87510968119333,12.167300380228136,45.042410061421464
Deep Ensemble,3,0.125,0.16875,0.0,0.0,0.0
Deep Ensemble,3,0.16875,0.2125,0.0,0.0,0.0
Deep Ensemble,3,0.2125,0.25625,0.0,0.058496636443404505,0.058496636443404505
Deep Ensemble,3,0.25625,0.3,0.0,0.26323486399532026,0.26323486399532026
Deep Ensemble,3,0.3,0.34375,0.2924831822170225,0.8774495466510676,1.16993272886809
Deep Ensemble,3,0.34375,0.38749999999999996,0.2924831822170225,1.637905820415326,1.9303890026323485
Deep Ensemble,3,0.38749999999999996,0.43124999999999997,0.584966364434045,2.544603685288096,3.1295700497221413
Deep Ensemble,3,0.43124999999999997,0.475,0.7897045919859608,2.6031003217315005,3.392804913717461
Deep Ensemble,3,0.475,0.51875,1.052939455981281,3.0710734132787363,4.124012869260017
Deep Ensemble,3,0.51875,0.5625,0.8482012284293653,2.9248318221702254,3.7730330505995906
Deep Ensemble,3,0.5625,0.60625,1.4331675928634104,2.3691137759578824,3.802281368821293
Deep Ensemble,3,0.60625,0.6499999999999999,1.2284293653114946,2.456858730622989,3.685288095934484
Deep Ensemble,3,0.6499999999999999,0.69375,0.9944428195378766,2.1351272301842643,3.129570049722141
Deep Ensemble,3,0.69375,0.7374999999999999,1.959637320854051,1.7841474115238374,3.7437847323778883
Deep Ensemble,3,0.7374999999999999,0.78125,1.637905820415326,1.959637320854051,3.597543141269377
Deep Ensemble,3,0.78125,0.825,1.7548990933021351,1.8133957297455396,3.5682948230476748
Deep Ensemble,3,0.825,0.8687499999999999,2.5153553670663937,1.7841474115238374,4.299502778590231
Deep Ensemble,3,0.8687499999999999,0.9125,3.275811640830652,2.5738520035097983,5.849663644340451
Deep Ensemble,3,0.9125,0.9562499999999999,5.206200643463001,4.299502778590231,9.505703422053232
Deep Ensemble,3,0.9562499999999999,1.0,23.10617139514478,17.870722433460077,40.97689382860486
Deep Ensemble,4,0.125,0.16875,0.0,0.0,0.0
Deep Ensemble,4,0.16875,0.2125,0.0,0.0,0.0
Deep Ensemble,4,0.2125,0.25625,0.0,0.058496636443404505,0.058496636443404505
Deep Ensemble,4,0.25625,0.3,0.058496636443404505,0.26323486399532026,0.3217315004387248
Deep Ensemble,4,0.3,0.34375,0.23398654577361802,1.16993272886809,1.4039192746417082
Deep Ensemble,4,0.34375,0.38749999999999996,0.4972214097689383,2.07663059374086,2.5738520035097983
Deep Ensemble,4,0.38749999999999996,0.43124999999999997,0.7897045919859608,2.5153553670663937,3.3050599590523544
Deep Ensemble,4,0.43124999999999997,0.475,0.8774495466510676,2.5153553670663937,3.392804913717461
Deep Ensemble,4,0.475,0.51875,1.1114360924246856,2.9833284586136295,4.094764551038315
Deep Ensemble,4,0.51875,0.5625,1.1406844106463878,3.0710734132787363,4.211757823925124
Deep Ensemble,4,0.5625,0.60625,1.2576776835331969,2.9540801403919277,4.211757823925124
Deep Ensemble,4,0.60625,0.6499999999999999,1.374670956420006,2.6908452763966073,4.065516232816613
Deep Ensemble,4,0.6499999999999999,0.69375,1.052939455981281,2.7200935946183096,3.7730330505995906
Deep Ensemble,4,0.69375,0.7374999999999999,1.5501608657502193,2.0181339572974553,3.5682948230476743
Deep Ensemble,4,0.7374999999999999,0.78125,1.0821877742029833,2.456858730622989,3.5390465048259725
Deep Ensemble,4,0.78125,0.825,1.6086575021936238,1.8133957297455396,3.4220532319391634
Deep Ensemble,4,0.825,0.8687499999999999,1.9011406844106464,2.632348639953203,4.533489324363849
Deep Ensemble,4,0.8687499999999999,0.9125,2.661596958174905,2.866335185726821,5.527932143901726
Deep Ensemble,4,0.9125,0.9562499999999999,4.533489324363849,4.67973091547236,9.21322023983621
Deep Ensemble,4,0.9562499999999999,1.0,16.934776250365605,21.84849371161158,38.78326996197718
Deep Ensemble,5,0.125,0.16875,0.0,0.0,0.0
Deep Ensemble,5,0.16875,0.2125,0.0,0.0,0.0
Deep Ensemble,5,0.2125,0.25625,0.029248318221702253,0.058496636443404505,0.08774495466510676
Deep Ensemble,5,0.25625,0.3,0.0,0.2924831822170225,0.2924831822170225
Deep Ensemble,5,0.3,0.34375,0.26323486399532026,1.0236911377595788,1.2869260017548991
Deep Ensemble,5,0.34375,0.38749999999999996,0.35097981866042705,2.427610412401287,2.778590231061714
Deep Ensemble,5,0.38749999999999996,0.43124999999999997,0.7897045919859608,2.661596958174905,3.4513015501608657
Deep Ensemble,5,0.43124999999999997,0.475,0.9066978648727698,2.749341912840012,3.6560397777127815
Deep Ensemble,5,0.475,0.51875,0.8774495466510676,3.24656332260895,4.124012869260017
Deep Ensemble,5,0.51875,0.5625,1.052939455981281,3.129570049722141,4.182509505703422
Deep Ensemble,5,0.5625,0.60625,0.9651945013161743,2.9540801403919277,3.919274641708102
Deep Ensemble,5,0.60625,0.6499999999999999,0.9944428195378766,2.5153553670663937,3.5097981866042702
Deep Ensemble,5,0.6499999999999999,0.69375,0.9651945013161743,2.5153553670663937,3.480549868382568
Deep Ensemble,5,0.69375,0.7374999999999999,1.2284293653114946,2.632348639953203,3.8607780052646974
Deep Ensemble,5,0.7374999999999999,0.78125,1.1114360924246856,2.544603685288096,3.6560397777127815
Deep Ensemble,5,0.78125,0.825,1.374670956420006,2.193623866627669,3.5682948230476748
Deep Ensemble,5,0.825,0.8687499999999999,1.8133957297455396,2.6908452763966073,4.504241006142147
Deep Ensemble,5,0.8687499999999999,0.9125,2.222872184849371,3.0125767768353318,5.235448961684703
Deep Ensemble,5,0.9125,0.9562499999999999,4.007019596373208,5.995905235448961,10.00292483182217
Deep Ensemble,5,0.9562499999999999,1.0,13.922199473530272,24.480842351564785,38.40304182509506
Monte Carlo Dropout,0,0.125,0.16875,0.0,0.0,0.0
Monte Carlo Dropout,0,0.16875,0.2125,0.0,0.0,0.0
Monte Carlo Dropout,0,0.2125,0.25625,0.0,0.0,0.0
Monte Carlo Dropout,0,0.25625,0.3,0.0,0.0,0.0
Monte Carlo Dropout,0,0.3,0.34375,0.0,0.0,0.0
Monte Carlo Dropout,0,0.34375,0.38749999999999996,0.0,0.0,0.0
Monte Carlo Dropout,0,0.38749999999999996,0.43124999999999997,0.0,0.058496636443404505,0.058496636443404505
Monte Carlo Dropout,0,0.43124999999999997,0.475,0.11699327288680901,0.058496636443404505,0.17548990933021352
Monte Carlo Dropout,0,0.475,0.51875,0.20473822755191576,0.20473822755191576,0.4094764551038315
Monte Carlo Dropout,0,0.51875,0.5625,0.6142146826557473,0.3217315004387248,0.9359461830944721
Monte Carlo Dropout,0,0.5625,0.60625,0.9359461830944721,0.26323486399532026,1.1991810470897923
Monte Carlo Dropout,0,0.60625,0.6499999999999999,0.6142146826557473,0.23398654577361802,0.8482012284293653
Monte Carlo Dropout,0,0.6499999999999999,0.69375,0.7019596373208541,0.20473822755191576,0.9066978648727698
Monte Carlo Dropout,0,0.69375,0.7374999999999999,1.2869260017548991,0.17548990933021352,1.4624159110851127
Monte Carlo Dropout,0,0.7374999999999999,0.78125,1.637905820415326,0.08774495466510676,1.7256507750804329
Monte Carlo Dropout,0,0.78125,0.825,2.632348639953203,0.08774495466510676,2.7200935946183096
Monte Carlo Dropout,0,0.825,0.8687499999999999,4.124012869260017,0.058496636443404505,4.182509505703422
Monte Carlo Dropout,0,0.8687499999999999,0.9125,6.4931266452179,0.058496636443404505,6.551623281661304
Monte Carlo Dropout,0,0.9125,0.9562499999999999,16.11582334015794,0.029248318221702253,16.145071658379642
Monte Carlo Dropout,0,0.9562499999999999,1.0,62.62064931266452,0.058496636443404505,62.67914594910792
Monte Carlo Dropout,1,0.125,0.16875,0.0,0.0,0.0
Monte Carlo Dropout,1,0.16875,0.2125,0.0,0.0,0.0
Monte Carlo Dropout,1,0.2125,0.25625,0.0,0.0,0.0
Monte Carlo Dropout,1,0.25625,0.3,0.029248318221702253,0.11699327288680901,0.14624159110851126
Monte Carlo Dropout,1,0.3,0.34375,0.029248318221702253,0.23398654577361802,0.26323486399532026
Monte Carlo Dropout,1,0.34375,0.38749999999999996,0.17548990933021352,0.6434630008774496,0.8189529102076631
Monte Carlo Dropout,1,0.38749999999999996,0.43124999999999997,0.17548990933021352,0.7019596373208541,0.8774495466510677
Monte Carlo Dropout,1,0.43124999999999997,0.475,0.46797309154723604,1.0821877742029833,1.5501608657502193
Monte Carlo Dropout,1,0.475,0.51875,0.7897045919859608,1.9011406844106464,2.6908452763966073
Monte Carlo Dropout,1,0.51875,0.5625,0.9944428195378766,1.5794091839719215,2.5738520035097983
Monte Carlo Dropout,1,0.5625,0.60625,1.0236911377595788,1.842644047967242,2.866335185726821
Monte Carlo Dropout,1,0.60625,0.6499999999999999,0.9651945013161743,1.16993272886809,2.1351272301842643
Monte Carlo Dropout,1,0.6499999999999999,0.69375,1.6086575021936238,1.2576776835331969,2.866335185726821
Monte Carlo Dropout,1,0.69375,0.7374999999999999,1.3454226381983037,1.1114360924246856,2.456858730622989
Monte Carlo Dropout,1,0.7374999999999999,0.78125,1.7256507750804329,1.0821877742029833,2.8078385492834164
Monte Carlo Dropout,1,0.78125,0.825,2.427610412401287,1.374670956420006,3.802281368821293
Monte Carlo Dropout,1,0.825,0.8687499999999999,3.8900263234863997,1.2576776835331969,5.1477040070195965
Monte Carlo Dropout,1,0.8687499999999999,0.9125,6.405381690552793,1.052939455981281,7.4583211465340735
Monte Carlo Dropout,1,0.9125,0.9562499999999999,12.518280198888563,2.2521205030710734,14.770400701959638
Monte Carlo Dropout,1,0.9562499999999999,1.0,42.02983328458614,4.738227551915765,46.7680608365019
Monte Carlo Dropout,2,0.125,0.16875,0.0,0.0,0.0
Monte Carlo Dropout,2,0.16875,0.2125,0.0,0.0,0.0
Monte Carlo Dropout,2,0.2125,0.25625,0.0,0.058496636443404505,0.058496636443404505
Monte Carlo Dropout,2,0.25625,0.3,0.0,0.38022813688212925,0.38022813688212925
Monte Carlo Dropout,2,0.3,0.34375,0.17548990933021352,0.26323486399532026,0.4387247733255338
Monte Carlo Dropout,2,0.34375,0.38749999999999996,0.23398654577361802,0.9944428195378766,1.2284293653114946
Monte Carlo Dropout,2,0.38749999999999996,0.43124999999999997,0.5264697279906405,1.2869260017548991,1.8133957297455396
Monte Carlo Dropout,2,0.43124999999999997,0.475,0.584966364434045,1.7256507750804329,2.310617139514478
Monte Carlo Dropout,2,0.475,0.51875,1.0821877742029833,2.2521205030710734,3.3343082772740567
Monte Carlo Dropout,2,0.51875,0.5625,1.1991810470897923,2.456858730622989,3.6560397777127815
Monte Carlo Dropout,2,0.5625,0.60625,0.9651945013161743,2.5153553670663937,3.480549868382568
Monte Carlo Dropout,2,0.60625,0.6499999999999999,1.16993272886809,2.427610412401287,3.597543141269377
Monte Carlo Dropout,2,0.6499999999999999,0.69375,1.4624159110851127,1.7841474115238374,3.2465633226089503
Monte Carlo Dropout,2,0.69375,0.7374999999999999,1.637905820415326,1.4916642293068147,3.129570049722141
Monte Carlo Dropout,2,0.7374999999999999,0.78125,1.8718923661889442,2.193623866627669,4.065516232816613
Monte Carlo Dropout,2,0.78125,0.825,2.3691137759578824,2.193623866627669,4.562737642585551
Monte Carlo Dropout,2,0.825,0.8687499999999999,3.3343082772740567,2.5153553670663937,5.849663644340451
Monte Carlo Dropout,2,0.8687499999999999,0.9125,5.1477040070195965,2.866335185726821,8.014039192746417
Monte Carlo Dropout,2,0.9125,0.9562499999999999,8.83299210295408,3.5097981866042702,12.34279028955835
Monte Carlo Dropout,2,0.9562499999999999,1.0,28.517110266159698,9.973676513600468,38.490786779760164
Monte Carlo Dropout,3,0.125,0.16875,0.0,0.0,0.0
Monte Carlo Dropout,3,0.16875,0.2125,0.0,0.0,0.0
Monte Carlo Dropout,3,0.2125,0.25625,0.0,0.14624159110851126,0.14624159110851126
Monte Carlo Dropout,3,0.25625,0.3,0.029248318221702253,0.3217315004387248,0.35097981866042705
Monte Carlo Dropout,3,0.3,0.34375,0.26323486399532026,0.4094764551038315,0.6727113190991518
Monte Carlo Dropout,3,0.34375,0.38749999999999996,0.20473822755191576,1.3454226381983037,1.5501608657502195
Monte Carlo Dropout,3,0.38749999999999996,0.43124999999999997,0.38022813688212925,1.5501608657502193,1.9303890026323485
Monte Carlo Dropout,3,0.43124999999999997,0.475,0.5264697279906405,1.9011406844106464,2.427610412401287
Monte Carlo Dropout,3,0.475,0.51875,1.16993272886809,2.8370868675051186,4.007019596373208
Monte Carlo Dropout,3,0.51875,0.5625,1.16993272886809,2.9248318221702254,4.094764551038315
Monte Carlo Dropout,3,0.5625,0.60625,1.4916642293068147,2.9833284586136295,4.4749926879204445
Monte Carlo Dropout,3,0.60625,0.6499999999999999,1.0236911377595788,2.33986545773618,3.363556595495759
Monte Carlo Dropout,3,0.6499999999999999,0.69375,1.1991810470897923,2.193623866627669,3.392804913717461
Monte Carlo Dropout,3,0.69375,0.7374999999999999,1.2284293653114946,2.105878911962562,3.3343082772740567
Monte Carlo Dropout,3,0.7374999999999999,0.78125,1.7256507750804329,2.7200935946183096,4.445744369698742
Monte Carlo Dropout,3,0.78125,0.825,1.959637320854051,3.158818367943843,5.118455688797894
Monte Carlo Dropout,3,0.825,0.8687499999999999,2.661596958174905,3.0125767768353318,5.674173735010237
Monte Carlo Dropout,3,0.8687499999999999,0.9125,4.15326118748172,3.6267914594910793,7.780052646972798
Monte Carlo Dropout,3,0.9125,0.9562499999999999,6.990348054986838,4.796724188359169,11.787072243346007
Monte Carlo Dropout,3,0.9562499999999999,1.0,20.327581164083064,15.121380520620065,35.44896168470313
Monte Carlo Dropout,4,0.125,0.16875,0.0,0.0,0.0
Monte Carlo Dropout,4,0.16875,0.2125,0.0,0.0,0.0
Monte Carlo Dropout,4,0.2125,0.25625,0.0,0.058496636443404505,0.058496636443404505
Monte Carlo Dropout,4,0.25625,0.3,0.08774495466510676,0.2924831822170225,0.3802281368821293
Monte Carlo Dropout,4,0.3,0.34375,0.14624159110851126,0.7312079555425564,0.8774495466510677
Monte Carlo Dropout,4,0.34375,0.38749999999999996,0.26323486399532026,1.16993272886809,1.4331675928634104
Monte Carlo Dropout,4,0.38749999999999996,0.43124999999999997,0.5264697279906405,1.6671541386370283,2.193623866627669
Monte Carlo Dropout,4,0.43124999999999997,0.475,0.7312079555425564,2.1351272301842643,2.866335185726821
Monte Carlo Dropout,4,0.475,0.51875,0.9651945013161743,3.1003217315004385,4.065516232816613
Monte Carlo Dropout,4,0.51875,0.5625,1.1991810470897923,2.8370868675051186,4.0362679145949105
Monte Carlo Dropout,4,0.5625,0.60625,1.3161743199766014,2.8078385492834164,4.124012869260017
Monte Carlo Dropout,4,0.60625,0.6499999999999999,1.2284293653114946,2.632348639953203,3.8607780052646974
Monte Carlo Dropout,4,0.6499999999999999,0.69375,1.1991810470897923,2.3691137759578824,3.5682948230476748
Monte Carlo Dropout,4,0.69375,0.7374999999999999,1.0236911377595788,3.0710734132787363,4.094764551038315
Monte Carlo Dropout,4,0.7374999999999999,0.78125,1.2869260017548991,2.7200935946183096,4.007019596373208
Monte Carlo Dropout,4,0.78125,0.825,1.6671541386370283,3.480549868382568,5.1477040070195965
Monte Carlo Dropout,4,0.825,0.8687499999999999,2.5738520035097983,3.802281368821293,6.376133372331092
Monte Carlo Dropout,4,0.8687499999999999,0.9125,3.24656332260895,4.15326118748172,7.399824510090669
Monte Carlo Dropout,4,0.9125,0.9562499999999999,5.176952325241299,6.288388417665984,11.465340742907284
Monte Carlo Dropout,4,0.9562499999999999,1.0,15.209125475285171,18.83591693477625,34.04504241006142
Monte Carlo Dropout,5,0.125,0.16875,0.0,0.0,0.0
Monte Carlo Dropout,5,0.16875,0.2125,0.0,0.0,0.0
Monte Carlo Dropout,5,0.2125,0.25625,0.029248318221702253,0.0,0.029248318221702253
Monte Carlo Dropout,5,0.25625,0.3,0.029248318221702253,0.17548990933021352,0.20473822755191579
Monte Carlo Dropout,5,0.3,0.34375,0.14624159110851126,0.7604562737642585,0.9066978648727697
Monte Carlo Dropout,5,0.34375,0.38749999999999996,0.2924831822170225,1.4624159110851127,1.7548990933021353
Monte Carlo Dropout,5,0.38749999999999996,0.43124999999999997,0.46797309154723604,1.842644047967242,2.310617139514478
Monte Carlo Dropout,5,0.43124999999999997,0.475,0.7312079555425564,1.9011406844106464,2.632348639953203
Monte Carlo Dropout,5,0.475,0.51875,0.8482012284293653,2.4861070488446915,3.3343082772740567
Monte Carlo Dropout,5,0.51875,0.5625,0.8774495466510676,3.158818367943843,4.0362679145949105
Monte Carlo Dropout,5,0.5625,0.60625,1.1991810470897923,2.632348639953203,3.831529687042995
Monte Carlo Dropout,5,0.60625,0.6499999999999999,1.0236911377595788,2.8078385492834164,3.831529687042995
Monte Carlo Dropout,5,0.6499999999999999,0.69375,1.1991810470897923,3.1003217315004385,4.299502778590231
Monte Carlo Dropout,5,0.69375,0.7374999999999999,0.9944428195378766,2.9248318221702254,3.919274641708102
Monte Carlo Dropout,5,0.7374999999999999,0.78125,1.3161743199766014,3.5390465048259725,4.855220824802574
Monte Carlo Dropout,5,0.78125,0.825,1.3161743199766014,3.1880666861655453,4.504241006142147
Monte Carlo Dropout,5,0.825,0.8687499999999999,1.9888856390757532,4.299502778590231,6.288388417665984
Monte Carlo Dropout,5,0.8687499999999999,0.9125,2.661596958174905,5.32319391634981,7.984790874524715
Monte Carlo Dropout,5,0.9125,0.9562499999999999,4.67973091547236,7.282831237203861,11.96256215267622
Monte Carlo Dropout,5,0.9562499999999999,1.0,11.991810470897923,21.32202398362094,33.31383445451886
SNGP,0,0.125,0.16875,0.0,0.0,0.0
SNGP,0,0.16875,0.2125,0.029248318221702253,0.058496636443404505,0.08774495466510676
SNGP,0,0.2125,0.25625,0.029248318221702253,0.029248318221702253,0.058496636443404505
SNGP,0,0.25625,0.3,0.11699327288680901,0.11699327288680901,0.23398654577361802
SNGP,0,0.3,0.34375,0.058496636443404505,0.0,0.058496636443404505
SNGP,0,0.34375,0.38749999999999996,0.14624159110851126,0.08774495466510676,0.23398654577361802
SNGP,0,0.38749999999999996,0.43124999999999997,0.20473822755191576,0.08774495466510676,0.2924831822170225
SNGP,0,0.43124999999999997,0.475,0.11699327288680901,0.17548990933021352,0.2924831822170225
SNGP,0,0.475,0.51875,0.6434630008774496,0.3217315004387248,0.9651945013161743
SNGP,0,0.51875,0.5625,0.584966364434045,0.14624159110851126,0.7312079555425564
SNGP,0,0.5625,0.60625,0.7604562737642585,0.08774495466510676,0.8482012284293653
SNGP,0,0.60625,0.6499999999999999,0.7897045919859608,0.14624159110851126,0.935946183094472
SNGP,0,0.6499999999999999,0.69375,1.1406844106463878,0.11699327288680901,1.2576776835331969
SNGP,0,0.69375,0.7374999999999999,1.5794091839719215,0.17548990933021352,1.7548990933021351
SNGP,0,0.7374999999999999,0.78125,2.5153553670663937,0.058496636443404505,2.5738520035097983
SNGP,0,0.78125,0.825,3.6267914594910793,0.029248318221702253,3.6560397777127815
SNGP,0,0.825,0.8687499999999999,6.171395144779175,0.029248318221702253,6.200643463000877
SNGP,0,0.8687499999999999,0.9125,10.734132787364727,0.08774495466510676,10.821877742029834
SNGP,0,0.9125,0.9562499999999999,25.06580871599883,0.029248318221702253,25.09505703422053
SNGP,0,0.9562499999999999,1.0,43.87247733255338,0.029248318221702253,43.901725650775084
SNGP,1,0.125,0.16875,0.029248318221702253,0.26323486399532026,0.2924831822170225
SNGP,1,0.16875,0.2125,0.38022813688212925,0.8482012284293653,1.2284293653114946
SNGP,1,0.2125,0.25625,0.584966364434045,1.2869260017548991,1.8718923661889442
SNGP,1,0.25625,0.3,0.6727113190991518,1.1991810470897923,1.8718923661889442
SNGP,1,0.3,0.34375,0.6434630008774496,1.052939455981281,1.6964024568587306
SNGP,1,0.34375,0.38749999999999996,0.7312079555425564,1.16993272886809,1.9011406844106464
SNGP,1,0.38749999999999996,0.43124999999999997,0.6434630008774496,0.9651945013161743,1.608657502193624
SNGP,1,0.43124999999999997,0.475,0.7897045919859608,0.7897045919859608,1.5794091839719215
SNGP,1,0.475,0.51875,1.0236911377595788,1.6086575021936238,2.632348639953203
SNGP,1,0.51875,0.5625,0.9066978648727698,1.16993272886809,2.07663059374086
SNGP,1,0.5625,0.60625,0.9359461830944721,0.818952910207663,1.7548990933021351
SNGP,1,0.60625,0.6499999999999999,1.3454226381983037,1.2576776835331969,2.6031003217315005
SNGP,1,0.6499999999999999,0.69375,1.520912547528517,0.9651945013161743,2.4861070488446915
SNGP,1,0.69375,0.7374999999999999,1.7841474115238374,1.0821877742029833,2.866335185726821
SNGP,1,0.7374999999999999,0.78125,2.0181339572974553,0.9651945013161743,2.9833284586136295
SNGP,1,0.78125,0.825,3.158818367943843,1.2576776835331969,4.41649605147704
SNGP,1,0.825,0.8687499999999999,5.615677098566833,1.052939455981281,6.668616554548114
SNGP,1,0.8687499999999999,0.9125,9.622696694940041,1.4039192746417082,11.02661596958175
SNGP,1,0.9125,0.9562499999999999,18.1924539338988,1.7548990933021351,19.947353027200936
SNGP,1,0.9562499999999999,1.0,27.78590231061714,0.7019596373208541,28.487861947937994
SNGP,2,0.125,0.16875,0.08774495466510676,0.3217315004387248,0.40947645510383157
SNGP,2,0.16875,0.2125,0.7604562737642585,1.6964024568587306,2.456858730622989
SNGP,2,0.2125,0.25625,0.6434630008774496,1.9303890026323487,2.5738520035097983
SNGP,2,0.25625,0.3,0.9066978648727698,2.0181339572974553,2.924831822170225
SNGP,2,0.3,0.34375,0.8482012284293653,1.959637320854051,2.8078385492834164
SNGP,2,0.34375,0.38749999999999996,1.0236911377595788,1.7841474115238374,2.8078385492834164
SNGP,2,0.38749999999999996,0.43124999999999997,0.7897045919859608,2.0181339572974553,2.807838549283416
SNGP,2,0.43124999999999997,0.475,1.3454226381983037,2.222872184849371,3.5682948230476748
SNGP,2,0.475,0.51875,1.2576776835331969,1.842644047967242,3.100321731500439
SNGP,2,0.51875,0.5625,1.4039192746417082,1.7841474115238374,3.188066686165546
SNGP,2,0.5625,0.60625,0.9944428195378766,1.7548990933021351,2.749341912840012
SNGP,2,0.60625,0.6499999999999999,1.16993272886809,1.9011406844106464,3.0710734132787367
SNGP,2,0.6499999999999999,0.69375,1.4624159110851127,1.8718923661889442,3.334308277274057
SNGP,2,0.69375,0.7374999999999999,2.1643755484059666,1.6086575021936238,3.77303305059959
SNGP,2,0.7374999999999999,0.78125,2.310617139514478,2.0181339572974553,4.328751096811933
SNGP,2,0.78125,0.825,2.7200935946183096,2.105878911962562,4.825972506580872
SNGP,2,0.825,0.8687499999999999,4.182509505703422,2.193623866627669,6.376133372331091
SNGP,2,0.8687499999999999,0.9125,7.341327873647265,2.456858730622989,9.798186604270255
SNGP,2,0.9125,0.9562499999999999,13.62971629131325,3.2173150043872476,16.847031295700496
SNGP,2,0.9562499999999999,1.0,16.788534659257092,1.4624159110851127,18.250950570342205
SNGP,3,0.125,0.16875,0.029248318221702253,0.4387247733255338,0.46797309154723604
SNGP,3,0.16875,0.2125,1.1991810470897923,2.895583503948523,4.094764551038315
SNGP,3,0.2125,0.25625,0.7604562737642585,2.8370868675051186,3.597543141269377
SNGP,3,0.25625,0.3,1.4039192746417082,2.427610412401287,3.831529687042995
SNGP,3,0.3,0.34375,1.0236911377595788,2.456858730622989,3.480549868382568
SNGP,3,0.34375,0.38749999999999996,1.1406844106463878,2.9248318221702254,4.065516232816613
SNGP,3,0.38749999999999996,0.43124999999999997,0.9944428195378766,2.749341912840012,3.7437847323778883
SNGP,3,0.43124999999999997,0.475,1.0236911377595788,2.5153553670663937,3.5390465048259725
SNGP,3,0.475,0.51875,1.4624159110851127,2.9540801403919277,4.41649605147704
SNGP,3,0.51875,0.5625,1.2869260017548991,2.105878911962562,3.392804913717461
SNGP,3,0.5625,0.60625,1.3161743199766014,2.5153553670663937,3.831529687042995
SNGP,3,0.60625,0.6499999999999999,1.2284293653114946,2.5153553670663937,3.7437847323778883
SNGP,3,0.6499999999999999,0.69375,1.374670956420006,2.07663059374086,3.4513015501608657
SNGP,3,0.69375,0.7374999999999999,1.6086575021936238,2.193623866627669,3.8022813688212924
SNGP,3,0.7374999999999999,0.78125,1.9888856390757532,2.866335185726821,4.855220824802574
SNGP,3,0.78125,0.825,2.866335185726821,2.310617139514478,5.176952325241299
SNGP,3,0.825,0.8687499999999999,3.597543141269377,3.041825095057034,6.639368236326411
SNGP,3,0.8687499999999999,0.9125,5.878911962562153,3.158818367943843,9.037730330505996
SNGP,3,0.9125,0.9562499999999999,9.271716876279614,3.8900263234863997,13.161743199766013
SNGP,3,0.9562499999999999,1.0,9.885931558935361,1.7841474115238374,11.6700789704592
SNGP,4,0.125,0.16875,0.0,0.4387247733255338,0.4387247733255338
SNGP,4,0.16875,0.2125,1.16993272886809,3.275811640830652,4.445744369698742
SNGP,4,0.2125,0.25625,1.4039192746417082,4.445744369698742,5.849663644340451
SNGP,4,0.25625,0.3,1.4916642293068147,3.5097981866042702,5.001462415911085
SNGP,4,0.3,0.34375,0.9944428195378766,3.363556595495759,4.357999415033635
SNGP,4,0.34375,0.38749999999999996,1.3454226381983037,3.2173150043872476,4.562737642585551
SNGP,4,0.38749999999999996,0.43124999999999997,0.9651945013161743,2.310617139514478,3.275811640830652
SNGP,4,0.43124999999999997,0.475,1.2576776835331969,3.0710734132787363,4.328751096811933
SNGP,4,0.475,0.51875,1.3161743199766014,2.9540801403919277,4.270254460368529
SNGP,4,0.51875,0.5625,1.3454226381983037,2.8078385492834164,4.15326118748172
SNGP,4,0.5625,0.60625,1.1991810470897923,2.2813688212927756,3.480549868382568
SNGP,4,0.60625,0.6499999999999999,1.3454226381983037,2.6031003217315005,3.948522959929804
SNGP,4,0.6499999999999999,0.69375,1.520912547528517,2.1351272301842643,3.656039777712781
SNGP,4,0.69375,0.7374999999999999,1.2869260017548991,3.0710734132787363,4.357999415033635
SNGP,4,0.7374999999999999,0.78125,1.7256507750804329,3.275811640830652,5.001462415911085
SNGP,4,0.78125,0.825,2.3691137759578824,2.866335185726821,5.235448961684703
SNGP,4,0.825,0.8687499999999999,3.0125767768353318,3.2173150043872476,6.229891781222579
SNGP,4,0.8687499999999999,0.9125,4.41649605147704,3.7437847323778883,8.160280783854928
SNGP,4,0.9125,0.9562499999999999,6.785609827434922,4.299502778590231,11.085112606025152
SNGP,4,0.9562499999999999,1.0,6.054401871892366,2.105878911962562,8.160280783854928
SNGP,5,0.125,0.16875,0.08774495466510676,0.6727113190991518,0.7604562737642586
SNGP,5,0.16875,0.2125,1.2284293653114946,4.884469143024276,6.112898508335771
SNGP,5,0.2125,0.25625,1.052939455981281,4.855220824802574,5.908160280783855
SNGP,5,0.25625,0.3,1.3161743199766014,3.802281368821293,5.118455688797894
SNGP,5,0.3,0.34375,1.2869260017548991,3.714536414156186,5.001462415911085
SNGP,5,0.34375,0.38749999999999996,1.052939455981281,3.1880666861655453,4.241006142146826
SNGP,5,0.38749999999999996,0.43124999999999997,1.052939455981281,3.5390465048259725,4.5919859608072535
SNGP,5,0.43124999999999997,0.475,1.0821877742029833,3.1003217315004385,4.182509505703422
SNGP,5,0.475,0.51875,1.4039192746417082,2.749341912840012,4.15326118748172
SNGP,5,0.51875,0.5625,1.0821877742029833,2.6908452763966073,3.7730330505995906
SNGP,5,0.5625,0.60625,0.818952910207663,2.866335185726821,3.685288095934484
SNGP,5,0.60625,0.6499999999999999,1.4331675928634104,3.0125767768353318,4.445744369698742
SNGP,5,0.6499999999999999,0.69375,1.4331675928634104,2.4861070488446915,3.919274641708102
SNGP,5,0.69375,0.7374999999999999,1.5794091839719215,3.5097981866042702,5.089207370576192
SNGP,5,0.7374999999999999,0.78125,1.4039192746417082,3.392804913717461,4.796724188359169
SNGP,5,0.78125,0.825,2.222872184849371,3.2173150043872476,5.440187189236619
SNGP,5,0.825,0.8687499999999999,2.3983620941795847,3.7730330505995906,6.171395144779176
SNGP,5,0.8687499999999999,0.9125,3.8607780052646974,4.211757823925124,8.072535829189821
SNGP,5,0.9125,0.9562499999999999,4.913717461245978,4.007019596373208,8.920737057619187
SNGP,5,0.9562499999999999,1.0,3.831529687042995,1.7841474115238374,5.615677098566833
SNGP + Spectral Reg,0,0.125,0.16875,0.0,0.0,0.0
SNGP + Spectral Reg,0,0.16875,0.2125,0.0,0.0,0.0
SNGP + Spectral Reg,0,0.2125,0.25625,0.0,0.029248318221702253,0.029248318221702253
SNGP + Spectral Reg,0,0.25625,0.3,0.0,0.0,0.0
SNGP + Spectral Reg,0,0.3,0.34375,0.0,0.0,0.0
SNGP + Spectral Reg,0,0.34375,0.38749999999999996,0.029248318221702253,0.029248318221702253,0.058496636443404505
SNGP + Spectral Reg,0,0.38749999999999996,0.43124999999999997,0.0,0.0,0.0
SNGP + Spectral Reg,0,0.43124999999999997,0.475,0.029248318221702253,0.029248318221702253,0.058496636443404505
SNGP + Spectral Reg,0,0.475,0.51875,0.08774495466510676,0.17548990933021352,0.26323486399532026
SNGP + Spectral Reg,0,0.51875,0.5625,0.26323486399532026,0.26323486399532026,0.5264697279906405
SNGP + Spectral Reg,0,0.5625,0.60625,0.11699327288680901,0.3217315004387248,0.4387247733255338
SNGP + Spectral Reg,0,0.60625,0.6499999999999999,0.35097981866042705,0.17548990933021352,0.5264697279906405
SNGP + Spectral Reg,0,0.6499999999999999,0.69375,0.38022813688212925,0.17548990933021352,0.5557180462123428
SNGP + Spectral Reg,0,0.69375,0.7374999999999999,0.23398654577361802,0.14624159110851126,0.3802281368821293
SNGP + Spectral Reg,0,0.7374999999999999,0.78125,0.4972214097689383,0.058496636443404505,0.5557180462123428
SNGP + Spectral Reg,0,0.78125,0.825,0.5557180462123428,0.14624159110851126,0.7019596373208541
SNGP + Spectral Reg,0,0.825,0.8687499999999999,0.5557180462123428,0.17548990933021352,0.7312079555425564
SNGP + Spectral Reg,0,0.8687499999999999,0.9125,1.4624159110851127,0.26323486399532026,1.725650775080433
SNGP + Spectral Reg,0,0.9125,0.9562499999999999,2.8078385492834164,0.14624159110851126,2.9540801403919277
SNGP + Spectral Reg,0,0.9562499999999999,1.0,90.14331675928634,0.35097981866042705,90.49429657794676
SNGP + Spectral Reg,1,0.125,0.16875,0.029248318221702253,0.058496636443404505,0.08774495466510676
SNGP + Spectral Reg,1,0.16875,0.2125,0.0,0.584966364434045,0.584966364434045
SNGP + Spectral Reg,1,0.2125,0.25625,0.17548990933021352,0.46797309154723604,0.6434630008774496
SNGP + Spectral Reg,1,0.25625,0.3,0.11699327288680901,0.6434630008774496,0.7604562737642586
SNGP + Spectral Reg,1,0.3,0.34375,0.23398654577361802,0.5557180462123428,0.7897045919859608
SNGP + Spectral Reg,1,0.34375,0.38749999999999996,0.08774495466510676,0.584966364434045,0.6727113190991518
SNGP + Spectral Reg,1,0.38749999999999996,0.43124999999999997,0.35097981866042705,0.9066978648727698,1.2576776835331969
SNGP + Spectral Reg,1,0.43124999999999997,0.475,0.38022813688212925,0.9944428195378766,1.374670956420006
SNGP + Spectral Reg,1,0.475,0.51875,0.7312079555425564,1.3161743199766014,2.0473822755191575
SNGP + Spectral Reg,1,0.51875,0.5625,0.6434630008774496,1.4039192746417082,2.0473822755191575
SNGP + Spectral Reg,1,0.5625,0.60625,0.38022813688212925,1.1991810470897923,1.5794091839719215
SNGP + Spectral Reg,1,0.60625,0.6499999999999999,0.6727113190991518,0.9359461830944721,1.608657502193624
SNGP + Spectral Reg,1,0.6499999999999999,0.69375,0.6142146826557473,1.2284293653114946,1.842644047967242
SNGP + Spectral Reg,1,0.69375,0.7374999999999999,0.6727113190991518,1.0236911377595788,1.6964024568587306
SNGP + Spectral Reg,1,0.7374999999999999,0.78125,0.8774495466510676,0.8774495466510676,1.7548990933021351
SNGP + Spectral Reg,1,0.78125,0.825,1.052939455981281,1.1114360924246856,2.1643755484059666
SNGP + Spectral Reg,1,0.825,0.8687499999999999,1.3161743199766014,1.3454226381983037,2.661596958174905
SNGP + Spectral Reg,1,0.8687499999999999,0.9125,1.520912547528517,1.1406844106463878,2.661596958174905
SNGP + Spectral Reg,1,0.9125,0.9562499999999999,3.2173150043872476,1.9888856390757532,5.206200643463001
SNGP + Spectral Reg,1,0.9562499999999999,1.0,64.05381690552794,4.504241006142147,68.55805791167009
SNGP + Spectral Reg,2,0.125,0.16875,0.0,0.029248318221702253,0.029248318221702253
SNGP + Spectral Reg,2,0.16875,0.2125,0.11699327288680901,1.0236911377595788,1.1406844106463878
SNGP + Spectral Reg,2,0.2125,0.25625,0.14624159110851126,1.1114360924246856,1.2576776835331969
SNGP + Spectral Reg,2,0.25625,0.3,0.35097981866042705,1.052939455981281,1.4039192746417082
SNGP + Spectral Reg,2,0.3,0.34375,0.17548990933021352,0.8774495466510676,1.052939455981281
SNGP + Spectral Reg,2,0.34375,0.38749999999999996,0.4387247733255338,1.0236911377595788,1.4624159110851125
SNGP + Spectral Reg,2,0.38749999999999996,0.43124999999999997,0.584966364434045,1.4331675928634104,2.0181339572974553
SNGP + Spectral Reg,2,0.43124999999999997,0.475,0.8482012284293653,2.0473822755191575,2.8955835039485227
SNGP + Spectral Reg,2,0.475,0.51875,0.7897045919859608,2.0181339572974553,2.807838549283416
SNGP + Spectral Reg,2,0.51875,0.5625,0.8482012284293653,1.9303890026323487,2.778590231061714
SNGP + Spectral Reg,2,0.5625,0.60625,0.9066978648727698,2.105878911962562,3.0125767768353318
SNGP + Spectral Reg,2,0.60625,0.6499999999999999,0.7312079555425564,1.8718923661889442,2.6031003217315005
SNGP + Spectral Reg,2,0.6499999999999999,0.69375,0.818952910207663,2.2813688212927756,3.1003217315004385
SNGP + Spectral Reg,2,0.69375,0.7374999999999999,0.9359461830944721,1.6086575021936238,2.544603685288096
SNGP + Spectral Reg,2,0.7374999999999999,0.78125,0.8482012284293653,1.4916642293068147,2.33986545773618
SNGP + Spectral Reg,2,0.78125,0.825,1.1406844106463878,1.8133957297455396,2.9540801403919277
SNGP + Spectral Reg,2,0.825,0.8687499999999999,1.637905820415326,1.8133957297455396,3.4513015501608657
SNGP + Spectral Reg,2,0.8687499999999999,0.9125,1.4624159110851127,2.6031003217315005,4.065516232816613
SNGP + Spectral Reg,2,0.9125,0.9562499999999999,3.2173150043872476,2.6031003217315005,5.820415326118749
SNGP + Spectral Reg,2,0.9562499999999999,1.0,44.48669201520912,8.774495466510675,53.2611874817198
SNGP + Spectral Reg,3,0.125,0.16875,0.029248318221702253,0.029248318221702253,0.058496636443404505
SNGP + Spectral Reg,3,0.16875,0.2125,0.26323486399532026,1.6086575021936238,1.871892366188944
SNGP + Spectral Reg,3,0.2125,0.25625,0.2924831822170225,1.6086575021936238,1.9011406844106462
SNGP + Spectral Reg,3,0.25625,0.3,0.4387247733255338,1.520912547528517,1.9596373208540507
SNGP + Spectral Reg,3,0.3,0.34375,0.26323486399532026,1.6671541386370283,1.9303890026323485
SNGP + Spectral Reg,3,0.34375,0.38749999999999996,0.46797309154723604,1.7548990933021351,2.222872184849371
SNGP + Spectral Reg,3,0.38749999999999996,0.43124999999999997,0.7897045919859608,2.456858730622989,3.24656332260895
SNGP + Spectral Reg,3,0.43124999999999997,0.475,0.818952910207663,2.9540801403919277,3.7730330505995906
SNGP + Spectral Reg,3,0.475,0.51875,0.7604562737642585,2.5738520035097983,3.3343082772740567
SNGP + Spectral Reg,3,0.51875,0.5625,1.052939455981281,2.2521205030710734,3.3050599590523544
SNGP + Spectral Reg,3,0.5625,0.60625,0.7604562737642585,2.8370868675051186,3.597543141269377
SNGP + Spectral Reg,3,0.60625,0.6499999999999999,1.0821877742029833,2.427610412401287,3.5097981866042702
SNGP + Spectral Reg,3,0.6499999999999999,0.69375,0.818952910207663,2.07663059374086,2.8955835039485227
SNGP + Spectral Reg,3,0.69375,0.7374999999999999,1.1991810470897923,1.7256507750804329,2.9248318221702254
SNGP + Spectral Reg,3,0.7374999999999999,0.78125,1.0236911377595788,1.959637320854051,2.98332845861363
SNGP + Spectral Reg,3,0.78125,0.825,1.1991810470897923,2.6908452763966073,3.8900263234863997
SNGP + Spectral Reg,3,0.825,0.8687499999999999,1.1991810470897923,3.041825095057034,4.241006142146826
SNGP + Spectral Reg,3,0.8687499999999999,0.9125,1.7841474115238374,3.129570049722141,4.913717461245978
SNGP + Spectral Reg,3,0.9125,0.9562499999999999,2.427610412401287,3.275811640830652,5.7034220532319395
SNGP + Spectral Reg,3,0.9562499999999999,1.0,31.354197133664815,10.3831529687043,41.73735010236911
SNGP + Spectral Reg,4,0.125,0.16875,0.058496636443404505,0.11699327288680901,0.17548990933021352
SNGP + Spectral Reg,4,0.16875,0.2125,0.20473822755191576,1.6964024568587306,1.9011406844106464
SNGP + Spectral Reg,4,0.2125,0.25625,0.38022813688212925,2.222872184849371,2.6031003217315005
SNGP + Spectral Reg,4,0.25625,0.3,0.35097981866042705,2.193623866627669,2.544603685288096
SNGP + Spectral Reg,4,0.3,0.34375,0.4094764551038315,2.193623866627669,2.6031003217315005
SNGP + Spectral Reg,4,0.34375,0.38749999999999996,0.6142146826557473,2.33986545773618,2.9540801403919277
SNGP + Spectral Reg,4,0.38749999999999996,0.43124999999999997,0.9651945013161743,2.7200935946183096,3.685288095934484
SNGP + Spectral Reg,4,0.43124999999999997,0.475,0.8774495466510676,2.895583503948523,3.7730330505995906
SNGP + Spectral Reg,4,0.475,0.51875,0.8482012284293653,3.3050599590523544,4.15326118748172
SNGP + Spectral Reg,4,0.51875,0.5625,0.8774495466510676,2.866335185726821,3.7437847323778883
SNGP + Spectral Reg,4,0.5625,0.60625,0.8482012284293653,3.129570049722141,3.977771278151506
SNGP + Spectral Reg,4,0.60625,0.6499999999999999,0.9066978648727698,2.2813688212927756,3.1880666861655453
SNGP + Spectral Reg,4,0.6499999999999999,0.69375,0.8774495466510676,2.427610412401287,3.3050599590523544
SNGP + Spectral Reg,4,0.69375,0.7374999999999999,1.0236911377595788,2.3691137759578824,3.392804913717461
SNGP + Spectral Reg,4,0.7374999999999999,0.78125,1.3161743199766014,3.041825095057034,4.357999415033635
SNGP + Spectral Reg,4,0.78125,0.825,1.1114360924246856,3.158818367943843,4.270254460368529
SNGP + Spectral Reg,4,0.825,0.8687499999999999,1.0821877742029833,2.661596958174905,3.7437847323778883
SNGP + Spectral Reg,4,0.8687499999999999,0.9125,1.3161743199766014,3.24656332260895,4.562737642585551
SNGP + Spectral Reg,4,0.9125,0.9562499999999999,2.3691137759578824,4.15326118748172,6.522374963439602
SNGP + Spectral Reg,4,0.9562499999999999,1.0,22.257970166715413,12.284293653114945,34.54226381983036
SNGP + Spectral Reg,5,0.125,0.16875,0.0,0.20473822755191576,0.20473822755191576
SNGP + Spectral Reg,5,0.16875,0.2125,0.38022813688212925,1.9303890026323487,2.310617139514478
SNGP + Spectral Reg,5,0.2125,0.25625,0.5557180462123428,2.33986545773618,2.895583503948523
SNGP + Spectral Reg,5,0.25625,0.3,0.35097981866042705,2.456858730622989,2.8078385492834164
SNGP + Spectral Reg,5,0.3,0.34375,0.5264697279906405,2.3983620941795847,2.9248318221702254
SNGP + Spectral Reg,5,0.34375,0.38749999999999996,0.9066978648727698,3.3050599590523544,4.211757823925124
SNGP + Spectral Reg,5,0.38749999999999996,0.43124999999999997,0.818952910207663,3.158818367943843,3.977771278151506
SNGP + Spectral Reg,5,0.43124999999999997,0.475,0.7019596373208541,3.158818367943843,3.860778005264697
SNGP + Spectral Reg,5,0.475,0.51875,0.7897045919859608,3.8900263234863997,4.67973091547236
SNGP + Spectral Reg,5,0.51875,0.5625,0.7897045919859608,3.129570049722141,3.9192746417081015
SNGP + Spectral Reg,5,0.5625,0.60625,0.7897045919859608,3.3050599590523544,4.094764551038315
SNGP + Spectral Reg,5,0.60625,0.6499999999999999,0.7604562737642585,3.0710734132787363,3.8315296870429947
SNGP + Spectral Reg,5,0.6499999999999999,0.69375,0.9651945013161743,2.3691137759578824,3.3343082772740567
SNGP + Spectral Reg,5,0.69375,0.7374999999999999,0.818952910207663,2.8078385492834164,3.6267914594910793
SNGP + Spectral Reg,5,0.7374999999999999,0.78125,0.9944428195378766,3.5682948230476748,4.562737642585551
SNGP + Spectral Reg,5,0.78125,0.825,0.8774495466510676,3.0125767768353318,3.890026323486399
SNGP + Spectral Reg,5,0.825,0.8687499999999999,1.5794091839719215,3.275811640830652,4.855220824802574
SNGP + Spectral Reg,5,0.8687499999999999,0.9125,1.3454226381983037,3.041825095057034,4.387247733255338
SNGP + Spectral Reg,5,0.9125,0.9562499999999999,1.9303890026323487,4.533489324363849,6.4638783269961975
SNGP + Spectral Reg,5,0.9562499999999999,1.0,16.49605147704007,12.664521789997075,29.160573267037144
