arm,feature_map,coupling,length_scale,n_seeds,acc_mean,acc_std,acc_delta,acc_delta_pos,acc_delta_neg,nll_mean,nll_std,nll_delta,nll_delta_pos,nll_delta_neg,brier_mean,brier_std,brier_delta,brier_delta_pos,brier_delta_neg,smece_mean,smece_std,smece_delta,smece_delta_pos,smece_delta_neg,lam_mean,lam_std,lam_delta,lam_delta_pos,lam_delta_neg,auroc_msp_cifar10_mean,auroc_msp_cifar10_std,auroc_msp_cifar10_delta,auroc_msp_cifar10_delta_pos,auroc_msp_cifar10_delta_neg,auroc_msp_svhn_mean,auroc_msp_svhn_std,auroc_msp_svhn_delta,auroc_msp_svhn_delta_pos,auroc_msp_svhn_delta_neg,auroc_ds_cifar10_mean,auroc_ds_cifar10_std,auroc_ds_cifar10_delta,auroc_ds_cifar10_delta_pos,auroc_ds_cifar10_delta_neg,auroc_ds_svhn_mean,auroc_ds_svhn_std,auroc_ds_svhn_delta,auroc_ds_svhn_delta_pos,auroc_ds_svhn_delta_neg,auroc_var_cifar10_mean,auroc_var_cifar10_std,auroc_var_cifar10_delta,auroc_var_cifar10_delta_pos,auroc_var_cifar10_delta_neg,auroc_var_svhn_mean,auroc_var_svhn_std,auroc_var_svhn_delta,auroc_var_svhn_delta_pos,auroc_var_svhn_delta_neg,fpr95_msp_cifar10_mean,fpr95_msp_cifar10_std,fpr95_msp_cifar10_delta,fpr95_msp_cifar10_delta_pos,fpr95_msp_cifar10_delta_neg,fpr95_msp_svhn_mean,fpr95_msp_svhn_std,fpr95_msp_svhn_delta,fpr95_msp_svhn_delta_pos,fpr95_msp_svhn_delta_neg,fpr95_ds_cifar10_mean,fpr95_ds_cifar10_std,fpr95_ds_cifar10_delta,fpr95_ds_cifar10_delta_pos,fpr95_ds_cifar10_delta_neg,fpr95_ds_svhn_mean,fpr95_ds_svhn_std,fpr95_ds_svhn_delta,fpr95_ds_svhn_delta_pos,fpr95_ds_svhn_delta_neg,fpr95_var_cifar10_mean,fpr95_var_cifar10_std,fpr95_var_cifar10_delta,fpr95_var_cifar10_delta_pos,fpr95_var_cifar10_delta_neg,fpr95_var_svhn_mean,fpr95_var_svhn_std,fpr95_var_svhn_delta,fpr95_var_svhn_delta_pos,fpr95_var_svhn_delta_neg
original_head,cos,orf,20.0,3,0.8048000000000001,0.0035510561809129386,0.001566666666666679,3,0,0.7472330331802368,0.009977848187415749,-0.03221801916758219,0,3,0.2767781615257263,0.0023199336615816048,-0.003999531269073486,0,3,0.02993702992166308,0.004114881444478701,-0.005417136705539605,0,3,35.3123861695123,0.5561196958642517,24.7163138244935,3,0,0.8091898616666665,0.0015692213441411893,-0.003469048333333317,0,3,0.7947951681264085,0.0060180791962405255,0.012288346394181526,3,0,0.8110107833333333,0.0020405751134749514,-0.005440733333333392,0,3,0.832987339940586,0.006824182161774997,0.02612352745339075,3,0,0.31409670500000003,0.001003475415107403,-0.06876642833333335,0,3,0.4103079479102643,0.04577190364493455,-0.06569816699959026,0,3,0.7694333333333333,0.0028867513459481316,0.005433333333333327,3,0,0.7940611555009219,0.023293616286716983,-0.02432903093628358,0,3,0.7726000000000001,0.00026457513110649287,0.004833333333333356,2,1,0.7294995902479,0.022365193965822365,-0.06075855357508708,0,3,0.9968333333333333,0.0008326663997864681,0.005600000000000049,3,0,0.9962354025814383,0.004291579439860922,0.009770026633886522,3,0
retrained,cos,orf,10.0,3,0.8025333333333333,0.002345918441321741,-0.0006999999999999599,1,2,0.7966809471448263,0.009957335490121783,0.017229894797007244,3,0,0.28234448035558063,0.002297979300997443,0.001566787560780843,3,0,0.03832298370307604,0.0031591807770223685,0.0029688170758733526,3,0,18.396777138538738,0.6641126749947409,7.800704793519944,3,0,0.8090809966666667,0.0010662400964409078,-0.003577913333333349,0,3,0.7834173894949806,0.012983122344572426,0.0009105677627535188,2,1,0.8103951366666666,0.001632726263197011,-0.006056380000000046,0,3,0.8088829325445605,0.014329606220754824,0.0020191200573652277,3,0,0.43173749999999994,0.00536715576339321,0.04887436666666667,3,0,0.5030331393413234,0.025141904378897333,0.02702702443146891,3,0,0.7715,0.0071923570545405985,0.0074999999999999884,3,0,0.8097597828313869,0.0353114046718853,-0.008630403605818496,0,3,0.7770666666666667,0.010697819092382032,0.009299999999999975,3,0,0.7644821757836509,0.044119976796655386,-0.02577596803933624,0,3,0.9856666666666666,0.0009073771725877568,-0.005566666666666609,0,3,0.984621491497644,0.009460702397676492,-0.0018438844499077585,0,3
retrained,cos,orf,20.0,3,0.8032333333333334,0.003153305144341979,0.0,0,0,0.779451052347819,0.009436778913196895,0.0,0,0,0.2807776927947998,0.0024199110921780446,0.0,0,0,0.035354166627202685,0.0035820377296405057,0.0,0,0,10.596072345018795,0.5810582614097795,0.0,0,0,0.81265891,0.0007249068141664835,0.0,0,0,0.782506821732227,0.010867021687745969,0.0,0,0,0.8164515166666666,0.0018663479173597944,0.0,0,0,0.8068638124871953,0.013322361848856651,0.0,0,0,0.3828631333333334,0.0040451062626101625,0.0,0,0,0.4760061149098546,0.03929797865240768,0.0,0,0,0.7640000000000001,0.0041218927691050195,0.0,0,0,0.8183901864372055,0.028163110643705077,0.0,0,0,0.7677666666666667,0.010241744643044611,0.0,0,0,0.7902581438229871,0.03359605358713486,0.0,0,0,0.9912333333333333,0.0009018499505645904,0.0,0,0,0.9864653759475517,0.010221538048505922,0.0,0,0
retrained,cos,orf,40.0,3,0.8030333333333334,0.002653927906581726,-0.00019999999999997797,1,2,0.7795839111010233,0.009380270949293463,0.0001328587532043457,2,1,0.28120147188504535,0.0023714549365441728,0.00042377909024556476,3,0,0.03435974095512034,0.0022542553943794424,-0.000994425672082346,1,2,0.0003333333491658171,0.000577350296612292,-10.595739011669629,0,3,0.8153985300000001,0.00035815711814091237,0.0027396200000000537,3,0,0.7792239512907191,0.01138416860093565,-0.0032828704415078422,0,3,0.8182648333333334,0.0015910870426954688,0.001813316666666731,3,0,0.7996740716553985,0.015724124168779524,-0.007189740831796798,0,3,0.37021385166666665,0.0029926474941109446,-0.01264928166666666,0,3,0.4749488635781602,0.045677920421259004,-0.001057251331694357,2,1,0.7635,0.0028160255680657283,-0.000500000000000056,1,2,0.8251382913337432,0.026243771838275858,0.006748104896537581,3,0,0.7667333333333334,0.012384398787722102,-0.0010333333333333306,1,2,0.8069555418971522,0.03258164085642738,0.01669739807416515,3,0,0.9925333333333333,0.0007023769168568298,0.0013000000000000418,3,0,0.9851336816226183,0.012403464087652461,-0.0013316943249333708,1,2
retrained,cos,simrf,10.0,3,0.8026666666666666,0.0022590558499809626,-0.0005666666666666783,1,2,0.7966361244519552,0.010005749627477613,0.01718507210413615,3,0,0.28234972556432086,0.002302207674563837,0.0015720327695210774,3,0,0.03851104762942239,0.003066439718153954,0.003156881002219699,3,0,18.422632503876446,0.6200242953502733,7.82656015885765,3,0,0.8090559483333334,0.0010590559881485477,-0.0036029616666666633,0,3,0.7833859743136652,0.013312356223144058,0.000879152581438151,2,1,0.8104115800000001,0.0017060609169371136,-0.006039936666666579,0,3,0.8088058069555419,0.014014359461086921,0.0019419944683466046,3,0,0.43161113166666665,0.005242324204630876,0.04874799833333334,3,0,0.5032511178549478,0.024191690834817675,0.02724500294509319,3,0,0.7714,0.007175653280364138,0.0073999999999999995,3,0,0.8096957590657651,0.035198594088749965,-0.008694427371440328,0,3,0.7759333333333333,0.010800617266310906,0.008166666666666655,3,0,0.7641748617086662,0.043030812493766724,-0.026083282114320833,0,3,0.9857333333333332,0.001193035344544861,-0.005499999999999949,0,3,0.9847111247695145,0.009333242168869754,-0.0017542511780372545,0,3
retrained,cos,simrf,20.0,3,0.803,0.0032787192621510286,-0.00023333333333330764,0,2,0.7794261574745178,0.009461352954293555,-2.4894873301188152e-05,1,2,0.2807813783486684,0.002432748428193917,3.6855538686116538e-06,2,1,0.03510787281633099,0.0035963381243193254,-0.0002462938108717001,0,3,10.612703147479513,0.5593615415848937,0.016630802460717575,2,1,0.8126580133333333,0.0007799223803740598,-8.966666666943013e-07,1,2,0.782362483353821,0.010936956373424673,-0.00014433837840610586,2,1,0.8164903,0.0020121504439032057,3.87833333333291e-05,1,2,0.806680229461176,0.013144844705147329,-0.000183583026019248,1,2,0.38283252999999995,0.004119601235820616,-3.0603333333323324e-05,2,1,0.47593307723827083,0.039048737538120666,-7.303767158371259e-05,2,1,0.7646999999999999,0.0019924858845171644,0.0006999999999999599,2,1,0.8189535955746773,0.027675147865137636,0.000563409137471845,3,0,0.7688,0.009676259607927023,0.0010333333333333306,3,0,0.7911032575291949,0.03244222369631593,0.0008451137062077304,2,1,0.9910666666666668,0.0011060440015357926,-0.0001666666666666483,0,2,0.9865550092194222,0.010164982114324688,8.963327187050396e-05,2,1
retrained,cos,simrf,40.0,3,0.8030333333333334,0.002809507667427367,-0.00019999999999997797,1,2,0.7795752286911011,0.009399792369720498,0.0001241763432820638,2,1,0.2812049190203349,0.0023812839559331227,0.0004272262255350749,3,0,0.03433604657386976,0.0023375288594503743,-0.0010181200533329233,1,2,0.0,0.0,-10.596072345018795,0,3,0.8154019900000001,0.00041896235475278253,0.0027430800000000457,3,0,0.7791374801526326,0.011469172992405057,-0.0033693415795943795,0,3,0.81829157,0.0017177128596770036,0.0018400533333332951,3,0,0.7995146768080311,0.015562213173449977,-0.007349135679164176,0,3,0.37021502833333336,0.0029790950096058384,-0.012648105000000001,0,3,0.474372938434747,0.045355398815705134,-0.0016331764751075968,2,1,0.7615999999999999,0.0034828149534535716,-0.0023999999999999946,1,2,0.8239474492931776,0.027187391852228987,0.005557262855972134,3,0,0.7665666666666667,0.013000128204495991,-0.001200000000000016,1,2,0.8069683466502765,0.032078390755781686,0.016710202827289522,3,0,0.9923333333333333,0.0007505553499464876,0.001100000000000027,3,0,0.985440995697603,0.012216459256484931,-0.0010243802499487753,1,2
retrained,hyperbolic,orf,10.0,3,0.7936666666666666,0.0035161532010612897,-0.009566666666666649,0,3,0.8585806886355082,0.014372509024188442,0.07912963628768921,3,0,0.2941693266232808,0.004243348842000515,0.013391633828481039,3,0,0.03407506048203432,0.0026805453876474887,-0.0012791061451683631,1,2,29.639532691083804,3.779871623611823,19.043460346065007,3,0,0.8045120933333334,0.004100632051362148,-0.008146816666666576,0,3,0.8123120934490883,0.0183735788809023,0.029805271716861242,3,0,0.8030543366666666,0.011749594134778996,-0.013397180000000009,0,3,0.8330733302601926,0.05077927212468657,0.026209517772997366,2,1,0.42498554833333335,0.002181344577091906,0.042122415000000024,3,0,0.6813111663849621,0.009631048835774458,0.20530505147510755,3,0,0.7778,0.005164300533470142,0.013799999999999998,3,0,0.7674912927678754,0.07258539067488595,-0.05089889366933009,1,2,0.7890666666666667,0.011011055050872003,0.021300000000000024,3,0,0.707283343577136,0.15829131971473548,-0.08297480024585124,1,2,0.9783666666666667,0.0015143755588800723,-0.012866666666666656,0,3,0.8932339684490883,0.016543141422428843,-0.09323140749846341,0,3
retrained,hyperbolic,orf,20.0,3,0.8014,0.0032741411087490197,-0.0018333333333333164,0,3,0.7835145592689514,0.007310072436117555,0.004063506921132405,3,0,0.28165340423583984,0.002417388964229571,0.0008757114410400391,3,0,0.03414351653853783,0.0030584162884576636,-0.0012106500886648528,0,3,11.612552147404477,0.7907779485437024,1.0164798023856818,3,0,0.8129525083333333,0.0008959019897054625,0.00029359833333334845,2,1,0.79143358558697,0.010176466673635254,0.008926763854742892,3,0,0.8178661033333334,0.0012628912585147764,0.0014145866666666802,2,1,0.8180348763060848,0.01899804443278948,0.011171063818889548,3,0,0.36320684,0.0011043244999432995,-0.019656293333333335,0,3,0.5113378181981151,0.02692265640693088,0.03533170328826055,3,0,0.7730666666666667,0.00373139830805199,0.009066666666666667,3,0,0.8081719934439664,0.03264697556391049,-0.010218192993239117,0,2,0.7654,0.009188579868510707,-0.002366666666666665,1,2,0.7619980536775252,0.05294101448067916,-0.028260090145461974,0,3,0.9916,0.0006999999999999784,0.0003666666666667003,1,2,0.9793971522229051,0.014562821577962255,-0.007068223724646587,0,3
retrained,hyperbolic,orf,40.0,3,0.8033,0.0026627053911388557,6.666666666665932e-05,1,2,0.7787336905797323,0.008250963056899369,-0.0007173617680867513,1,2,0.2809952199459076,0.0022570473489064748,0.00021752715110778809,2,1,0.034319520292061055,0.0024040133289357953,-0.0010346463351416253,1,2,0.0,0.0,-10.596072345018795,0,3,0.815602325,0.0006777273959160026,0.0029434150000000603,3,0,0.7840166538619134,0.008949648411235408,0.0015098321296864725,2,1,0.8189843366666668,0.001185890853718599,0.002532820000000028,3,0,0.80738963071092,0.015241082108014193,0.0005258182237246242,2,1,0.3640451466666667,0.001514251634424863,-0.01881798666666662,0,3,0.48552238783036267,0.03231225511912018,0.00951627292050807,3,0,0.7682333333333333,0.003932344508474946,0.004233333333333311,3,0,0.8177371440278631,0.02688022073847864,-0.0006530424093423489,2,1,0.7626333333333334,0.008198983676854909,-0.005133333333333323,0,3,0.7835868674451957,0.034941064965146915,-0.006671276377791413,0,3,0.9922666666666666,0.0009073771725877568,0.0010333333333333306,2,0,0.9837123540258145,0.01265194495649548,-0.0027530219217373197,1,2
retrained,hyperbolic,simrf,10.0,3,0.7938999999999999,0.0037469987990390884,-0.009333333333333305,0,3,0.8593239585558573,0.016491027524348584,0.07987290620803833,3,0,0.294328232606252,0.004447634435043769,0.01355053981145223,3,0,0.034195794828160646,0.002327508720166164,-0.0011583717990420346,1,2,29.80191611229346,3.8529769448824114,19.205843767274665,3,0,0.8045352333333334,0.004324940592384871,-0.008123676666666616,0,3,0.8120904406115551,0.018011667508947515,0.029583618879327995,3,0,0.8029538033333333,0.01326390062027892,-0.013497713333333309,0,3,0.8336534035033806,0.0472930172337689,0.02678959101618524,2,1,0.4255805733333333,0.00189714697600329,0.042717439999999995,3,0,0.6810130621286623,0.010974599754452488,0.20500694721880763,3,0,0.7778999999999999,0.00434050688284211,0.013899999999999987,3,0,0.7662876459741855,0.07360096911013303,-0.05210254046301991,1,2,0.7895333333333333,0.011346511945674495,0.02176666666666664,3,0,0.7090119852489245,0.15763462996383681,-0.0812461585740627,1,2,0.9781666666666666,0.0015567059238447464,-0.013066666666666634,0,3,0.8946937103052653,0.017072808358673662,-0.09177166564228638,0,3
retrained,hyperbolic,simrf,20.0,3,0.8012,0.003579106033634662,-0.0020333333333332946,0,3,0.783581813176473,0.007440212864547581,0.004130760828653972,3,0,0.28169745206832886,0.0024261005500514398,0.0009197592735290527,3,0,0.034020684559818465,0.0034199617086467064,-0.0013334820673842201,0,3,11.632723944451152,0.8100188436557841,1.0366515994323582,3,0,0.8129498700000001,0.0009393305641385264,0.00029096000000002525,2,1,0.7913511428242163,0.010383068550834857,0.008844321091989293,3,0,0.8178500966666666,0.0015064059142652535,0.0013985799999999642,2,1,0.8179312640852284,0.01848030009278582,0.011067451598033204,3,0,0.36350103000000006,0.001106484162008226,-0.019362103333333307,0,3,0.5114495140596189,0.027308598253162536,0.035443399149764354,3,0,0.7733333333333333,0.004140450861118058,0.009333333333333341,3,0,0.8086841835689408,0.032690203697119086,-0.00970600286826473,1,2,0.7654666666666667,0.009961090971039973,-0.0023000000000000056,0,2,0.7625870723212457,0.0528352540567228,-0.027671071501741456,0,3,0.9916,0.00072111025509278,0.0003666666666667003,1,2,0.9792434951854129,0.014963147110492866,-0.007221880762138884,0,3
retrained,hyperbolic,simrf,40.0,3,0.8030666666666667,0.0030501366089625095,-0.0001666666666666113,2,1,0.7787314454714457,0.008325207742935855,-0.000719606876373291,1,2,0.280999888976415,0.0022534049036123747,0.0002221961816151937,2,1,0.03407627957425375,0.0028616609354951317,-0.001277887052948933,1,2,0.0,0.0,-10.596072345018795,0,3,0.8155804466666665,0.0006830226117109026,0.002921536666666613,3,0,0.7839267849825854,0.009099890000604289,0.0014199632503585358,2,1,0.8189361066666668,0.0012706805449180752,0.0024845900000000087,3,0,0.807160991600082,0.015032212962493234,0.00029717911288666227,2,1,0.3641880266666666,0.0015293272910117557,-0.01867510666666668,0,3,0.48602046583691855,0.03218367592856269,0.010014350927064061,3,0,0.7675333333333333,0.0053528808443055334,0.0035333333333333514,3,0,0.817621901249744,0.027119877657055265,-0.0007682851874616,2,1,0.7634,0.007799999999999974,-0.004366666666666667,1,2,0.7846368572013932,0.03420598008085144,-0.005621286621593928,0,3,0.9923000000000001,0.0008185352771872769,0.0010666666666666973,3,0,0.9838147920508092,0.012695103924812004,-0.002650583896742442,1,2
retrained,positive,orf,10.0,3,0.7938333333333333,0.00626604606856138,-0.0094,0,3,0.8691796263058981,0.025433228737722496,0.08972857395807902,3,0,0.29594605167706806,0.005506307869593625,0.01516835888226827,3,0,0.035174062509775436,0.0038482475788199294,-0.00018010411742724539,1,2,31.1374511216482,4.991111691475794,20.54137877662941,3,0,0.8026502783333332,0.003801234288432916,-0.010008631666666656,0,3,0.8079330605920917,0.02509699833324272,0.025426238859864763,3,0,0.7986339100000001,0.011448344030422037,-0.017817606666666614,0,3,0.8369430982380659,0.025963237990615652,0.030079285750870672,3,0,0.4395494266666667,0.01799570581584974,0.05668629333333336,3,0,0.6615512766338866,0.053117750854504125,0.185545161724032,3,0,0.7752,0.004972926703662582,0.011199999999999988,3,0,0.7546993443966401,0.08545052613495306,-0.06369084204056548,0,3,0.7917,0.012560652849274998,0.023933333333333362,3,0,0.6916487400122926,0.1373257012409486,-0.09860940381069454,0,3,0.9777666666666667,0.004174126655161934,-0.01346666666666659,0,3,0.9049247080516288,0.03136081412233701,-0.08154066789592292,0,3
retrained,positive,orf,20.0,3,0.8025666666666668,0.00425949918808933,-0.0006666666666666673,0,1,0.7853236794471741,0.01168566902448741,0.0058726270993550616,2,1,0.28171708186467487,0.0031407688948128774,0.0009393890698750814,2,1,0.03494811832137513,0.003182445590274004,-0.0004060483058275592,1,2,11.626120719280145,1.013538752367419,1.0300483742613504,3,0,0.8126564383333333,0.0008730505134489108,-2.4716666666702025e-06,2,1,0.7884170988270846,0.013353460074564201,0.005910277094857586,3,0,0.8172716033333334,0.0022351570643767524,0.000820086666666627,2,1,0.8172330439459127,0.014028350289298745,0.01036923145871745,3,0,0.37092598166666674,0.009329567801463705,-0.011937151666666626,0,3,0.4917019239141569,0.019258433682747177,0.01569580900430234,2,1,0.7716666666666666,0.0056002976111393645,0.007666666666666637,3,0,0.8074933415283754,0.0362122674508663,-0.010896844908830213,1,2,0.7672666666666667,0.0032347076117221676,-0.0004999999999999819,1,2,0.7600645359557467,0.048435354359157606,-0.030193607867240346,0,3,0.9911666666666666,0.00040414518843275303,-6.666666666662231e-05,1,2,0.9833666256914567,0.006257280774425347,-0.003098750256095036,1,2
retrained,positive,orf,40.0,3,0.8034666666666667,0.0035303446479534257,0.00023333333333334463,2,1,0.7780931989351908,0.010631850413152455,-0.0013578534126281738,1,2,0.28074227770169574,0.0026885318763483278,-3.5415093104044594e-05,2,1,0.03417620057689361,0.0022667203910223914,-0.0011779660503090743,1,2,0.0,0.0,-10.596072345018795,0,3,0.8155566933333332,0.0005073429816290964,0.002897783333333274,3,0,0.7822998514648637,0.011414305458749144,-0.00020697026736323418,1,2,0.8190010233333335,0.0012677451764582937,0.0025495066666666824,3,0,0.8062453352284368,0.014052645476931074,-0.0006184772587584467,1,2,0.3661163416666667,0.006171101794554919,-0.01674679166666665,0,3,0.4734963474441713,0.027608033337484413,-0.0025097674656832845,2,1,0.7676,0.003538361202590826,0.0035999999999999734,3,0,0.8177243392747388,0.02856102121892468,-0.0006658471624667225,2,1,0.7650333333333332,0.004318950489798829,-0.0027333333333333654,1,2,0.7873770743700063,0.02890782132680984,-0.0028810694529809075,1,2,0.9922666666666666,0.00045092497528229314,0.0010333333333333676,3,0,0.9864269616881787,0.008889920605576503,-3.84142593730837e-05,2,1
retrained,positive,simrf,10.0,3,0.7938999999999999,0.005802585630561605,-0.009333333333333305,0,3,0.8691016038258871,0.026075640052584288,0.08965055147806804,3,0,0.29590635498364765,0.005380751442275678,0.01512866218884786,3,0,0.035327631948217475,0.0038606967213776207,-2.6534678985210003e-05,1,2,31.44980714229383,5.016775965941122,20.853734797275035,3,0,0.8028189116666667,0.004087959001168376,-0.009839998333333303,0,3,0.807045208461381,0.02409279561170843,0.02453838672915387,3,0,0.79916299,0.013231215473859572,-0.017288526666666693,0,3,0.8356781576521204,0.02659035203454715,0.028814345164925204,3,0,0.43432411833333334,0.006895373888387641,0.05146098500000005,3,0,0.665635963429625,0.03969909304939664,0.18962984851977052,3,0,0.7755,0.00527351874937409,0.011499999999999955,3,0,0.7588480844089326,0.08086383478229234,-0.05954210202827296,0,3,0.7922333333333333,0.017956707196291107,0.024466666666666675,3,0,0.6982687973775866,0.13687926349362842,-0.09198934644540054,0,3,0.9785666666666667,0.0016072751268321722,-0.012666666666666604,0,3,0.9036826469985658,0.020879990497779242,-0.08278272894898586,0,3
retrained,positive,simrf,20.0,3,0.8024333333333332,0.004123509831846336,-0.0008000000000000229,0,3,0.7852432330449423,0.011695530448193053,0.00579218069712321,2,1,0.2816981375217438,0.003122121763898849,0.0009204447269439697,2,1,0.034838404953133895,0.0031585074520118985,-0.0005157616740687904,0,3,11.790153958886075,1.0267358640096749,1.1940816138672794,3,0,0.8127660099999999,0.0010502113540259482,0.00010710000000006363,2,1,0.7877228059055521,0.013701731319483908,0.005215984173325065,3,0,0.8175940066666666,0.003175117213274752,0.001142489999999996,2,1,0.8164182967117393,0.01458519259200016,0.009554484224544116,3,0,0.3691129866666667,0.004437060209447044,-0.013750146666666666,0,3,0.49184985722700264,0.014876515052503638,0.015843742317148097,2,1,0.7702333333333332,0.006606310114832126,0.00623333333333335,3,0,0.8075317557877484,0.03595259332765828,-0.010858430649457093,1,2,0.7673,0.004028647415696777,-0.00046666666666668927,1,2,0.7619596394181519,0.04789677941442948,-0.028298504404835095,0,3,0.9913666666666666,0.0008020806277010337,0.00013333333333335565,1,2,0.9836867445195657,0.007166224444375955,-0.00277863142798603,1,2
retrained,positive,simrf,40.0,3,0.8036666666666666,0.0038527046776691202,0.0004333333333333596,2,1,0.7779802083969116,0.010609780959250572,-0.0014708439509073894,1,2,0.2807195683320363,0.0026823677516585633,-5.812446276346842e-05,2,1,0.03448985496796541,0.0024403552333733185,-0.0008643116592372754,1,2,0.0,0.0,-10.596072345018795,0,3,0.815629215,0.000652466710587647,0.002970305000000025,3,0,0.7819120646383938,0.01178842593922193,-0.0005947570938332388,1,2,0.8192051866666668,0.00182649987397567,0.0027536700000000782,3,0,0.8057980741651302,0.014445436151467242,-0.001065738322065135,1,2,0.36530270833333334,0.003657359053314063,-0.01756042499999999,0,3,0.473164909854538,0.028842084957399178,-0.0028412050553165424,2,1,0.7674,0.002594224354214577,0.0033999999999999586,3,0,0.8182493341528375,0.027715570900986433,-0.00014085228436799824,2,1,0.7657333333333334,0.005537448269133857,-0.0020333333333333314,1,2,0.7893490063511576,0.027456720090896666,-0.0009091374718295242,1,2,0.9923333333333334,0.0003785938897200401,0.0011000000000000638,3,0,0.9864653759475517,0.009088227089716839,0.0,2,1
