seed,feature_map,coupling,length_scale,arm,lr,wd,lam,acc,nll,brier,smece,all_finite,mean_var_test,auroc_msp_cifar10,fpr95_msp_cifar10,auroc_ds_cifar10,fpr95_ds_cifar10,auroc_var_cifar10,fpr95_var_cifar10,auroc_msp_svhn,fpr95_msp_svhn,auroc_ds_svhn,fpr95_ds_svhn,auroc_var_svhn,fpr95_var_svhn
12345,cos,orf,20.0,original_head,,,34.733667308615466,0.8047,0.7501631379127502,0.2768988609313965,0.03128587583189726,True,0.022960171103477478,0.81097234,0.7711,0.81335467,0.7727,0.31315727,0.9975,0.7908860767516903,0.8131146281499693,0.8285409572833436,0.7526505838967424,0.45789369814074987,0.991279963122311
12345,cos,orf,10.0,retrained,0.04,0.0,17.841277105599893,0.802,0.7995181083679199,0.2828143239021301,0.038338287738032634,True,0.02714802511036396,0.8100121899999999,0.7648,0.8122346899999999,0.7715,0.43789108,0.9847,0.7724662377074369,0.8424631223110018,0.79532401659496,0.8101951444376152,0.531827938690842,0.9737630608481869
12345,cos,orf,20.0,retrained,0.04,0.0,10.149308659206662,0.8039,0.7831496000289917,0.28088486194610596,0.03640867886675948,True,0.02541733719408512,0.813490925,0.7623,0.81812716,0.7667,0.38735794999999995,0.9903,0.7717765538567916,0.8452289489858635,0.7951459319299323,0.8241011063306699,0.5183801820835895,0.9748770743700061
12345,cos,orf,40.0,retrained,0.04,0.0,0.0,0.8032,0.7827852368354797,0.2811170518398285,0.0345051071174971,True,0.022090382874011993,0.815804335,0.7646,0.8194938500000001,0.7684,0.373433875,0.9926,0.7678390154425323,0.8510295021511985,0.784963106945298,0.839159496004917,0.5215555988783036,0.9713045482483098
12345,cos,simrf,10.0,retrained,0.04,0.0,17.919705374625007,0.8029,0.7996785044670105,0.2828420400619507,0.039149155424726814,True,0.027140121906995773,0.809978805,0.7646,0.8123440000000002,0.77,0.43760779000000005,0.9844,0.7728639789489857,0.8418484941610326,0.7962160571604179,0.8080439459127228,0.5309033593269822,0.9739935464044254
12345,cos,simrf,20.0,retrained,0.04,0.0,10.176107875205982,0.8035,0.7832340598106384,0.280887246131897,0.03593868724617878,True,0.02541271597146988,0.813555525,0.7636,0.81837102,0.7674,0.38738254499999997,0.9899,0.7719877957897971,0.8453826060233559,0.7956899815611556,0.8237169637369391,0.5180163529502151,0.9749923171481254
12345,cos,simrf,40.0,retrained,0.04,0.0,0.0,0.8033,0.782803475856781,0.28111302852630615,0.03451007844639407,True,0.022085240110754967,0.81588185,0.7627,0.8197066999999999,0.7665,0.37337924,0.9923,0.7679636274585125,0.84980024585126,0.7853030039950829,0.8378534111862324,0.5206434081130915,0.9717655193607867
12345,positive,orf,10.0,retrained,0.04,0.0,25.861803975284147,0.7976,0.8431755900382996,0.291147381067276,0.037628633789215764,True,0.025367943570017815,0.806305185,0.7696,0.81068704,0.783,0.457844055,0.9743,0.7802326021819299,0.8383143822987092,0.8106293292870312,0.8081976029502151,0.6090444203288261,0.9325061462814997
12345,positive,orf,20.0,retrained,0.04,0.0,10.549997804594838,0.8039,0.7817201614379883,0.2803163230419159,0.03583638425983574,True,0.024790506809949875,0.8135300350000001,0.7716,0.81985128,0.7662,0.38066797,0.9911,0.7741660917332513,0.8481100184388445,0.8011931661032576,0.8151505838967424,0.49189319875537796,0.9768746158574063
12345,positive,orf,40.0,retrained,0.04,0.0,0.0,0.804,0.7775560021400452,0.2798370122909546,0.033818812139207004,True,0.021745245903730392,0.8160607949999998,0.767,0.82040503,0.7655,0.37250151500000006,0.9923,0.7714014098033191,0.8463045482483098,0.7916029233251383,0.8201444376152428,0.4953017881837738,0.9768362015980332
12345,positive,simrf,10.0,retrained,0.04,0.0,25.98202414193863,0.7972,0.8428032398223877,0.2913632392883301,0.037894364619082514,True,0.025390436872839928,0.806827175,0.7695,0.8131620700000001,0.7758,0.43926469,0.9774,0.7799936136293792,0.83819913952059,0.8082952673632453,0.8102335586969883,0.6230566917639828,0.9244007375537799
12345,positive,simrf,20.0,retrained,0.04,0.0,10.650581828611838,0.8038,0.7819385528564453,0.2804532051086426,0.03602393289732225,True,0.024806927889585495,0.81390351,0.7699,0.82125745,0.7644,0.3731677,0.9922,0.7735408996619544,0.8474185617701291,0.7997619775660725,0.8161109403810695,0.49895314228641674,0.9756453595574678
12345,positive,simrf,40.0,retrained,0.04,0.0,0.0,0.8044,0.7776315808296204,0.279904305934906,0.034438822739863706,True,0.021768078207969666,0.8163385000000001,0.7666,0.82127055,0.7637,0.36876715,0.9926,0.7708586566533497,0.8467655193607867,0.7906366164720344,0.8205285802089736,0.4991912242624462,0.9764904732636754
12345,hyperbolic,orf,10.0,retrained,0.04,0.0,25.331088021704527,0.7949,0.8473734259605408,0.292338490486145,0.03663134826660494,True,0.02514178864657879,0.805141975,0.772,0.80773165,0.7793,0.42696948,0.9777,0.7921369583589428,0.847380147510756,0.7744395897357099,0.8705055316533498,0.6920165623079287,0.8745774431468961
12345,hyperbolic,orf,20.0,retrained,0.04,0.0,10.734614833805379,0.8022,0.786235511302948,0.28123122453689575,0.03468484780788417,True,0.024501968175172806,0.813503495,0.7742,0.8191865199999999,0.7605,0.36391463,0.9923,0.7811806968346651,0.8452289489858635,0.7971408574062692,0.8229102642901045,0.5409892440073755,0.9628918254456054
12345,hyperbolic,orf,40.0,retrained,0.04,0.0,0.0,0.8036,0.7818824648857117,0.2805570662021637,0.03365020388957076,True,0.021743372082710266,0.8162069350000001,0.7696,0.8203413700000001,0.7578,0.36530996000000004,0.9931,0.7748690169791026,0.8463813767670559,0.7922470728334358,0.8203749231714813,0.519528301705593,0.9696911493546404
12345,hyperbolic,simrf,10.0,retrained,0.04,0.0,25.43865295568462,0.7951,0.8465057611465454,0.2922327220439911,0.03614609345776139,True,0.02514532208442688,0.8052322800000001,0.7729,0.8087530300000001,0.7806,0.426965355,0.978,0.7923704959280884,0.8469191763982791,0.7790570144437615,0.8690842040565457,0.6933328000153658,0.8755377996312231
12345,hyperbolic,simrf,20.0,retrained,0.04,0.0,10.743996117051383,0.8023,0.7860415577888489,0.2812284529209137,0.03477866557918469,True,0.02450261078774929,0.8135335699999999,0.774,0.81939049,0.7615,0.364095975,0.9922,0.7812135487092808,0.8457283343577136,0.7977608904425323,0.8232559926244623,0.5415762177320221,0.9622387830362631
12345,hyperbolic,simrf,40.0,retrained,0.04,0.0,0.0,0.8031,0.781812310218811,0.2805541455745697,0.033115901267121474,True,0.02174120955169201,0.816195575,0.769,0.82039602,0.7586,0.36545196999999996,0.993,0.7748285321911494,0.845958819913952,0.7923909188690841,0.8206438229870928,0.5199665354179471,0.9696911493546404
1,cos,orf,20.0,original_head,,,35.36074253740786,0.8084,0.7361181974411011,0.2744002342224121,0.03320820075391799,True,0.022649262100458145,0.8085806400000001,0.7711,0.8100476299999999,0.7728,0.313979005,0.9959,0.7917741203134603,0.8009757221880762,0.8295765519360787,0.7278349723417332,0.4064340196681008,0.9986939151813153
1,cos,orf,10.0,retrained,0.04,0.0,18.21669483838735,0.8051,0.785612940788269,0.2798478901386261,0.04147448466096838,True,0.027364324778318405,0.809312915,0.7791,0.8091178299999999,0.7894,0.429298245,0.9858,0.7800264174861709,0.8144975414874002,0.807449323909035,0.7611017209588199,0.4918388637062078,0.9890135218192994
1,cos,orf,20.0,retrained,0.04,0.0,10.385944834009374,0.806,0.7687252163887024,0.2783059775829315,0.03829057868567647,True,0.02558024600148201,0.812322295,0.7687,0.81444006,0.7785,0.381715885,0.9913,0.7822382913337431,0.8208743085433313,0.8040911954517518,0.7897587584511371,0.46887824024277813,0.990319606637984
1,cos,orf,40.0,retrained,0.04,0.0,0.0,0.8056,0.7690220475196838,0.27887335419654846,0.03653779528469664,True,0.022145215421915054,0.81526468,0.7656,0.81646766,0.7782,0.3696899,0.9918,0.7792254859403811,0.8258297480024586,0.7978133335894284,0.8076982175783651,0.4730308082360172,0.988821450522434
1,cos,simrf,10.0,retrained,0.04,0.0,18.23281571110816,0.8048,0.7854623198509216,0.27984118461608887,0.04120822753839904,True,0.02736569195985794,0.809289395,0.7789,0.80911377,0.7884,0.42932836499999993,0.9861,0.7789421001075598,0.8151505838967424,0.8062958013214505,0.7624462200368777,0.49285327097418563,0.9890903503380455
1,cos,simrf,20.0,retrained,0.04,0.0,10.418782685547392,0.806,0.7686541676521301,0.27829742431640625,0.03821609419162487,True,0.02558089792728424,0.81227355,0.767,0.81436845,0.7791,0.381759245,0.9912,0.7813135295021512,0.8212968653964352,0.8031090542409343,0.7907575291948371,0.46891115165949604,0.9905885064535955
1,cos,simrf,40.0,retrained,0.04,0.0,0.0,0.8057,0.768986701965332,0.27887091040611267,0.03658169560482271,True,0.022145304828882217,0.81521526,0.7644,0.81638043,0.7796,0.36980161,0.9916,0.7785680527811923,0.8264443761524278,0.7970966618008605,0.8092347879532883,0.47248376037185,0.9892824216349109
1,positive,orf,10.0,retrained,0.04,0.0,35.78446764402201,0.7973,0.8703625202178955,0.29473304748535156,0.03715462962595033,True,0.025262128561735153,0.8029277299999998,0.7791,0.7973090600000001,0.786,0.43893589,0.9766,0.8291570797480025,0.6675245851259988,0.8625409995390289,0.5402581438229871,0.7152595401813153,0.8708128457283344
1,positive,orf,20.0,retrained,0.04,0.0,12.562592024539995,0.806,0.7758641839027405,0.2795204222202301,0.03759205880528392,True,0.024847794324159622,0.8126553449999998,0.7773,0.8160516099999999,0.7709,0.37003758500000006,0.9908,0.7904439267055932,0.7957897971727105,0.8232943223724645,0.7241472034419176,0.5108640077596803,0.9838660110633067
1,positive,orf,40.0,retrained,0.04,0.0,0.0,0.8067,0.7677401304244995,0.27862322330474854,0.036600385044999344,True,0.021744821220636368,0.815563115,0.7714,0.8179402,0.7691,0.36566322,0.9918,0.7813300111401352,0.8176859250153657,0.8075104141057161,0.7765058389674248,0.482733030500922,0.9880531653349723
1,positive,simrf,10.0,retrained,0.04,0.0,35.840669640471845,0.7973,0.8695529103279114,0.2945074141025543,0.03720082888978281,True,0.025269581004977226,0.802973895,0.7794,0.7974629199999999,0.7895,0.43726116500000006,0.9779,0.8261942801167794,0.6765519360786724,0.8613978948985863,0.5456745543945912,0.7016317954824831,0.8826444376152428
1,positive,simrf,20.0,retrained,0.04,0.0,12.643167943498607,0.8057,0.7755556106567383,0.2793905436992645,0.037232623060761,True,0.02485773339867592,0.812561285,0.777,0.81588781,0.7719,0.369798005,0.9906,0.7887398317455439,0.7975568531038721,0.8225893477258758,0.7251459741856177,0.50184325829748,0.9860172095881992
1,positive,simrf,40.0,retrained,0.04,0.0,0.0,0.8071,0.7675490379333496,0.27853941917419434,0.03695532609160635,True,0.021757204085588455,0.8154945699999999,0.7703,0.8178026300000002,0.772,0.36566202000000003,0.9919,0.7805588256760909,0.8165719114935464,0.8073564881684081,0.7787338660110633,0.4781472821911494,0.9886293792255685
1,hyperbolic,orf,10.0,retrained,0.04,0.0,31.189265249880716,0.7964,0.8535839915275574,0.29114875197410583,0.0343083292227118,True,0.02490294724702835,0.8082613400000002,0.7819,0.81174496,0.7869,0.42533756,0.9773,0.8167153541794714,0.7055931161647203,0.8627029809465274,0.5544330055316533,0.6733502170405654,0.9061155500921942
1,hyperbolic,orf,20.0,retrained,0.04,0.0,11.834151719590354,0.8042,0.7752342224121094,0.2794749140739441,0.03689512331649131,True,0.02450343780219555,0.8134352699999999,0.7761,0.81774187,0.776,0.363771535,0.9909,0.7915881914566687,0.7956361401352182,0.8226934772587584,0.7360172095881992,0.5046006242317148,0.9848647818070068
1,hyperbolic,orf,40.0,retrained,0.04,0.0,0.0,0.8058,0.7693719863891602,0.27898937463760376,0.03698726480776589,True,0.02172507345676422,0.8157303100000001,0.7713,0.81814713,0.7721,0.36445827500000005,0.9913,0.7844267286416717,0.8137676705593117,0.8071944568223725,0.779540565457898,0.4818153023202213,0.9871696373693916
1,hyperbolic,simrf,10.0,retrained,0.04,0.0,31.230631820509938,0.7969,0.8535377979278564,0.2913154363632202,0.03482206622135136,True,0.024898355826735497,0.808469315,0.7807,0.8123305000000001,0.7857,0.4263582,0.9767,0.8162265154425323,0.7027120467117394,0.8619788299016595,0.5539336201598033,0.6722822238014751,0.9083051628764598
1,hyperbolic,simrf,20.0,retrained,0.04,0.0,11.824594959871867,0.8041,0.7752231955528259,0.279540091753006,0.03699806659640016,True,0.024501748383045197,0.813449735,0.7771,0.81777965,0.7768,0.36418276000000005,0.9908,0.7908764751075599,0.7964428395820529,0.8219841618008605,0.7378226797787338,0.5044512619084204,0.9850952673632453
1,hyperbolic,simrf,40.0,retrained,0.04,0.0,0.0,0.8061,0.7693049311637878,0.27900266647338867,0.037294599192230084,True,0.021722573786973953,0.8157003549999999,0.772,0.8180791900000001,0.7724,0.36462408,0.9914,0.7839235114474493,0.8149969268592502,0.8066497541487401,0.7806929932390904,0.48214465465580814,0.9874769514443762
2,cos,orf,20.0,original_head,,,35.842748662513564,0.8013,0.7554177641868591,0.27903538942337036,0.02531701317917399,True,0.02342456579208374,0.8080166049999999,0.7661,0.80963005,0.7723,0.31515383999999996,0.9971,0.801725307314075,0.7680931161647203,0.8408445106023357,0.7080132145052244,0.36659612592194224,0.9987323294406883
2,cos,orf,10.0,retrained,0.04,0.0,19.13235947162897,0.8005,0.8049117922782898,0.2843712270259857,0.035156178710227096,True,0.027393853291869164,0.807917885,0.7706,0.80983289,0.7703,0.428023175,0.9865,0.7977595132913338,0.772318684695759,0.8238754571296865,0.7221496619545175,0.48543261562692064,0.9910878918254457
2,cos,orf,20.0,retrained,0.04,0.0,11.25296354184035,0.7998,0.7864783406257629,0.28314223885536194,0.031363242329172106,True,0.02564585953950882,0.81216351,0.761,0.81678733,0.7581,0.37951556500000005,0.9921,0.7935056200061463,0.7890673017824217,0.8213543100799017,0.7569145666871543,0.44075992240319606,0.994199446834665
2,cos,orf,40.0,retrained,0.04,0.0,0.0010000000474974513,0.8003,0.7869444489479065,0.28361400961875916,0.032036320463167275,True,0.022288436070084572,0.8151265750000001,0.7603,0.8188329900000001,0.7536,0.36751777999999996,0.9932,0.7906073524892441,0.7985556238475722,0.816245774431469,0.7740089121081746,0.43026018362015983,0.9952750460971113
2,cos,simrf,10.0,retrained,0.04,0.0,19.115376425896173,0.8003,0.8047675490379333,0.2843659520149231,0.0351757599251413,True,0.027390310540795326,0.807899645,0.7707,0.8097769700000002,0.7694,0.42789724,0.9867,0.7983518438844499,0.7720881991395205,0.8239055623847572,0.7220344191763983,0.48599672326367543,0.9910494775660725
2,cos,simrf,20.0,retrained,0.04,0.0,11.243218881685165,0.7995,0.7863902449607849,0.283159464597702,0.031168837011189304,True,0.025646822527050972,0.8121449649999999,0.7635,0.81673143,0.7599,0.3793558,0.9921,0.7937861247695144,0.790181315304241,0.8212416525814382,0.7588352796558082,0.4408717271051014,0.9940842040565457
2,cos,simrf,40.0,retrained,0.04,0.0,0.0,0.8001,0.7869355082511902,0.2836308181285858,0.03191636567039251,True,0.02228577621281147,0.81510886,0.7577,0.81878758,0.7536,0.367464235,0.9931,0.790880760218193,0.7955977258758451,0.8161443646281499,0.7738168408113092,0.42999164681929936,0.9952750460971113
2,positive,orf,10.0,retrained,0.04,0.0,31.76608174563846,0.7866,0.894000768661499,0.30195772647857666,0.030738924114160227,True,0.024866851046681404,0.7987179200000001,0.7769,0.78790563,0.8061,0.42186833500000004,0.9824,0.8144094998463429,0.7582590657652121,0.8376589658881377,0.7264904732636754,0.6603498693915182,0.9114551321450522
2,positive,orf,20.0,retrained,0.04,0.0,11.765772328705603,0.7978,0.7983866930007935,0.28531450033187866,0.031415911899005715,True,0.024794604629278183,0.811783935,0.7661,0.81591192,0.7647,0.36207239,0.9916,0.8006412780424093,0.7785802089735709,0.827211643362016,0.7408958205285802,0.4723485652274124,0.989359250153657
2,positive,orf,40.0,retrained,0.04,0.0,0.0,0.7997,0.7889834642410278,0.28376659750938416,0.032109404546474485,True,0.021854132413864136,0.8150461699999999,0.7644,0.8186578400000001,0.7605,0.36018428999999996,0.9927,0.794168133451137,0.7891825445605408,0.8196226682544561,0.765480946527351,0.44245422364781806,0.9943915181315304
2,positive,simrf,10.0,retrained,0.04,0.0,32.526727644471016,0.7872,0.8949486613273621,0.3018484115600586,0.030887702335787103,True,0.024939294904470444,0.798655665,0.7776,0.78686398,0.8114,0.42644650000000006,0.9804,0.814947731637984,0.7617931776275353,0.8373413106945298,0.7388982790411801,0.6722194030424093,0.9040027658266748
2,positive,simrf,20.0,retrained,0.04,0.0,12.076712104547779,0.7978,0.7982355356216431,0.2852506637573242,0.03125865890131843,True,0.024837760254740715,0.811833235,0.7638,0.81563676,0.7656,0.364373255,0.9913,0.800887686309158,0.777619852489244,0.8269035648432699,0.7446220036877689,0.47475317109711124,0.9893976644130301
2,positive,simrf,40.0,retrained,0.04,0.0,0.0,0.7995,0.7887600064277649,0.28371497988700867,0.03207541607242617,True,0.021888915449380875,0.815054575,0.7653,0.81854238,0.7615,0.361478955,0.9925,0.7943187115857406,0.7914105716041795,0.8194011178549478,0.7687845728334358,0.44215622311001845,0.9942762753534112
2,hyperbolic,orf,10.0,retrained,0.04,0.0,32.39824480166617,0.7897,0.8747846484184265,0.2990207374095917,0.031285503956786226,True,0.02472558058798313,0.8001329650000001,0.7795,0.7896864,0.801,0.42264960500000004,0.9801,0.8280839678088505,0.74950061462815,0.8620774200983405,0.6969114935464045,0.6785667198063922,0.8990089121081746
2,hyperbolic,orf,20.0,retrained,0.04,0.0,12.268889888817698,0.7978,0.7890739440917969,0.2842540740966797,0.030850578491238023,True,0.024547597393393517,0.8119187600000001,0.7689,0.8166699200000002,0.7597,0.361934355,0.9916,0.8015318684695759,0.7836508912108174,0.8342702942532269,0.7270666871542717,0.48842358635525507,0.9904348494161033
2,hyperbolic,orf,40.0,retrained,0.04,0.0,0.0,0.8005,0.784946620464325,0.2834392189979553,0.03232109217884653,True,0.022039949893951416,0.81486973,0.7638,0.8184645100000001,0.758,0.362367205,0.9924,0.7927542159649661,0.7930623847572219,0.8227273624769514,0.7508451137062078,0.45522355946527354,0.9942762753534112
2,hyperbolic,simrf,10.0,retrained,0.04,0.0,32.73646356068583,0.7897,0.8779283165931702,0.2994365394115448,0.0316192248053692,True,0.024723436683416367,0.799904105,0.7801,0.7877778799999999,0.8023,0.42341816499999996,0.9798,0.8276743104640443,0.7492317148125384,0.8599243661647205,0.7040181315304241,0.6774241625691457,0.9002381684081131
2,hyperbolic,simrf,20.0,retrained,0.04,0.0,12.329580756430211,0.7972,0.7894806861877441,0.2843238115310669,0.030285321503870546,True,0.02454647235572338,0.8118663050000001,0.7689,0.81638015,0.7581,0.362224355,0.9918,0.8019634046558082,0.7838813767670559,0.8340487400122926,0.7266825445605408,0.48832106253841423,0.9903964351567301
2,hyperbolic,simrf,40.0,retrained,0.04,0.0,0.0,0.8,0.7850770950317383,0.2834428548812866,0.0318183382634097,True,0.02203686349093914,0.8148454099999999,0.7616,0.81833311,0.7592,0.36248802999999996,0.9925,0.7930283113091579,0.7919099569760295,0.8224423017824216,0.7525737553779963,0.4559502074370006,0.9942762753534112
