label,head,feature_map,coupling,lambda_kind,lambda,acc,nll,brier,smece,auroc_msp_cifar10,auroc_msp_svhn,auroc_ds_cifar10,auroc_ds_svhn,auroc_var_cifar10,auroc_var_svhn
control_specreg_s12345,l20recipe,cos,orf,trained,7.5,0.8047,0.7770490846871737,0.28299155764719763,0.061285917708042786,0.81272022,0.7784252919483713,0.8220271800000001,0.8167335548555623,0.3131575,0.4578922287953288
control_specreg_s12345,l20recipe,cos,orf,val_fit,34.7417,0.8047,0.750160900721528,0.27689763915920895,0.03128381887358658,0.81097229,0.7908889021204671,0.8133525,0.8285428126920713,0.3131575,0.4578922287953288
l20recipe_positive_orf,l20recipe,positive,orf,trained,7.5,0.7988,0.9378916967078686,0.30559403263237234,0.09890805605488072,0.80228124,0.7479600338045481,0.8066747300000001,0.8080456322987093,0.30580565,0.41152374769514444
l20recipe_positive_orf,l20recipe,positive,orf,val_fit,151.411,0.7988,0.7715577038388356,0.28540555414224017,0.034430035860306275,0.8078027000000001,0.7801298939766441,0.7999228799999999,0.8237308389674247,0.30580565,0.41152374769514444
l20recipe_positive_simrf,l20recipe,positive,simrf,trained,7.5,0.7972,0.9739051890526738,0.3086706230262546,0.09809311557133761,0.80359361,0.7864790680700676,0.8021768900000001,0.8313823294406884,0.30102416000000004,0.4712473340503995
l20recipe_positive_simrf,l20recipe,positive,simrf,val_fit,156.184,0.7972,0.7850987800032921,0.28925672841312167,0.040671380202309135,0.80669033,0.8216572795021513,0.7933347900000001,0.8546811693300553,0.30102416000000004,0.4712473340503995
l20recipe_hyperbolic_orf,l20recipe,hyperbolic,orf,trained,7.5,0.8003,0.9698126859467311,0.30626370496039523,0.09534907962154988,0.79972142,0.7878544560540873,0.7907379800000001,0.8046908766133989,0.29976407,0.3608664259373079
l20recipe_hyperbolic_orf,l20recipe,hyperbolic,orf,val_fit,161.838,0.8003,0.7819891833051807,0.28775700519120606,0.041423436703144585,0.8022212599999999,0.7999954018131531,0.77921169,0.8037055239704978,0.29976407,0.3608664259373079
l20recipe_hyperbolic_simrf,l20recipe,hyperbolic,simrf,trained,7.5,0.7977,0.9932563891769749,0.3087832985092317,0.09924648203761395,0.802258275,0.7222755416410571,0.81558809,0.7577426628764597,0.29682468999999995,0.3767943953595575
l20recipe_hyperbolic_simrf,l20recipe,hyperbolic,simrf,val_fit,172.561,0.7977,0.788044042119147,0.28768407501074367,0.03420922280317964,0.8089217900000001,0.7398349761831592,0.8084620100000001,0.7630260102950215,0.29682468999999995,0.3767943953595575
l2paper_cos_orf,l2paper,cos,orf,trained,0.39269908,0.8103,0.8016858398071789,0.2791765527857004,0.03729970062761633,0.7922909599999999,0.8054824062692072,0.78920121,0.825083512599877,0.65289256,0.8033169983097725
l2paper_cos_orf,l2paper,cos,orf,val_fit,0.0,0.8103,0.800728993204839,0.27922508184170003,0.03838993356400824,0.792717125,0.8049773010141364,0.7897474949999999,0.8245829479102642,0.65289256,0.8033169983097725
l2paper_cos_simrf,l2paper,cos,simrf,trained,0.39269908,0.8096,0.8056503725730094,0.2787181800441692,0.031340570131508,0.7863006349999999,0.7375374462200368,0.783628785,0.7557233289797172,0.65808989,0.7503771051014136
l2paper_cos_simrf,l2paper,cos,simrf,val_fit,0.0,0.8096,0.8046147362692102,0.27872976002816935,0.03270742888745339,0.786707335,0.737035295021512,0.784140855,0.7552480716041795,0.65808989,0.7503771051014136
