group,display,lambda,nll,smece,brier,acc,auroc_msp_cifar10,auroc_msp_svhn,auroc_ds_cifar10,auroc_ds_svhn,nll_std,smece_std,brier_std,acc_std,auroc_msp_cifar10_std,auroc_msp_svhn_std,auroc_ds_cifar10_std,auroc_ds_svhn_std
sngp,SNGP (c=6.0),0.0,0.8202890300163427,0.08066635618443226,0.29191660814597353,0.8024999999999999,0.8067353483333334,0.7419823294406885,0.8172997483333333,0.7853381005429215,0.007825625561539868,0.0042929414816329815,0.005410555756081198,0.004521061822182894,0.0034027750583506293,0.0057244318160891835,0.004101904246436448,0.00531062877716743
sngp,SNGP (c=6.0),0.01,0.8202396426929172,0.0806500797011857,0.29190951290200334,0.8024999999999999,0.8067361866666666,0.7419918702622414,0.8172997,0.7853512305367752,0.007824764554066709,0.00429279357766247,0.005409974420389836,0.004521061822182894,0.0034026982816631607,0.005724160724239742,0.004100873038280992,0.005309023367378202
sngp,SNGP (c=6.0),0.0146779926762206,0.8202165509375082,0.08064246605491023,0.29190619462882156,0.8024999999999999,0.8067367133333333,0.7419963660110632,0.8172994966666666,0.7853574920610531,0.007824362068523152,0.004292724331543458,0.005409702510859021,0.004521061822182894,0.003402557015030527,0.005724205500151159,0.004100720004905661,0.0053083683905541254
sngp,SNGP (c=6.0),0.0215443469003188,0.8201826702571532,0.08063129132278694,0.2919013250817903,0.8024999999999999,0.8067371266666666,0.7420028900327802,0.8172991333333334,0.7853667140442532,0.007823771638245674,0.004292622653280863,0.0054093034470956555,0.004521061822182894,0.003402062156873888,0.005723904698096766,0.004100056884682661,0.005307420590451065
sngp,SNGP (c=6.0),0.0316227766016837,0.8201329690308626,0.08061489033382137,0.29189417974381543,0.8024999999999999,0.8067378199999999,0.7420125665847163,0.8172994766666667,0.785380106535546,0.007822905731219437,0.004292473393172747,0.005408717798134621,0.004521061822182894,0.0034021128795353422,0.005723873385206515,0.004099534582295042,0.005306326704415809
sngp,SNGP (c=6.0),0.0464158883361277,0.8200600796240801,0.0805908156007369,0.2918836965161364,0.8024999999999999,0.8067387866666667,0.742026549375128,0.8172991533333334,0.7853995774431469,0.007821636313237998,0.004292257607952284,0.005407858390748985,0.004521061822182894,0.003402054994475156,0.005723895598772491,0.004098431192545787,0.0053039812367021814
sngp,SNGP (c=6.0),0.0681292069057961,0.8199532260412775,0.08055542650992824,0.2918683193503891,0.8024999999999999,0.8067401733333334,0.7420468961278427,0.8172985300000001,0.7854287415488629,0.007819776408233075,0.004291994990014987,0.0054065973999546215,0.004521061822182894,0.003401140158981002,0.005723248006759455,0.0040967915179076905,0.005300541820289179
sngp,SNGP (c=6.0),0.1,0.8197966733531737,0.08050349453047805,0.2918457705190016,0.8024999999999999,0.8067424,0.7420774034521614,0.8172981366666666,0.7854720753943863,0.00781705360375616,0.004291608146525008,0.005404747478524641,0.004521061822182894,0.003400780181061383,0.0057224326342823545,0.0040951259497643755,0.005296186463937452
sngp,SNGP (c=6.0),0.1467799267622069,0.8195675018420955,0.08042729544985143,0.29181272019307447,0.8024999999999999,0.8067454166666667,0.7421216438742061,0.8172969299999999,0.7855339812538414,0.007813072362869988,0.0042910377100701,0.005402034225379278,0.004521061822182894,0.0034011604331806986,0.005721624663786242,0.0040935578898191344,0.005289233315358403
sngp,SNGP (c=6.0),0.2154434690031883,0.8192324465978466,0.0803165276230403,0.29176430968572986,0.8024999999999999,0.80674989,0.7421867624462202,0.8172950233333333,0.7856252893874206,0.007807261199959909,0.004289406915328085,0.0053980561280856775,0.004521061822182894,0.0033995220277415797,0.005720522083960698,0.00409031390371619,0.005279470020101174
sngp,SNGP (c=6.0),0.3162277660168379,0.8187434848993709,0.08015223306480194,0.2916934693060472,0.8024999999999999,0.8067574099999999,0.7422815240217169,0.8172925533333334,0.785757762241344,0.0077988002423098005,0.004288470355219861,0.005392226511599722,0.004521061822182894,0.003397649069415424,0.005720211629035522,0.004081986547029893,0.005264868739843293
sngp,SNGP (c=6.0),0.4641588833612777,0.818031835452406,0.0799129385970818,0.2915899547659915,0.8024999999999999,0.8067664499999999,0.7424209088813768,0.8172875066666666,0.7859500717066176,0.007786525070497642,0.004290679682020096,0.005383689886858136,0.004521061822182894,0.0033930498957133346,0.005718182975195331,0.004073070110596423,0.005243308365755389
sngp,SNGP (c=6.0),0.654703,0.8171256631781562,0.0796034731545746,0.29145743303680377,0.8024999999999999,0.8067778366666666,0.7425981522741242,0.8172801433333333,0.7861947577340708,0.007770956572153059,0.004288434063959514,0.005372728847995848,0.004521061822182894,0.003388256484776998,0.005717014591159895,0.00406421997466105,0.005216768856077256
sngp,SNGP (c=6.0),0.6812920690579611,0.8170001416938305,0.0795601273545769,0.2914390129141878,0.8024999999999999,0.8067798033333332,0.7426230152632657,0.81727977,0.7862287364269617,0.007768805153873491,0.0042883057831402,0.005371202374359849,0.004521061822182894,0.0033879179008106195,0.005716495340440083,0.0040633728889064614,0.00521358423617355
sngp,SNGP (c=6.0),1.0,0.8155130305929273,0.0790442916381438,0.2912195926755961,0.8024999999999999,0.8067996900000001,0.7429197513316943,0.8172645133333333,0.7866279604589224,0.007743401288261864,0.004289279843704582,0.005352962680216959,0.004521061822182894,0.0033820262627159716,0.005712109152613827,0.0040440617890597766,0.005169104650456794
sngp,SNGP (c=6.0),1.467799267622069,0.8133873296851614,0.07828513026847866,0.29090207438480614,0.8024999999999999,0.8068276333333332,0.743347238014751,0.8172304366666667,0.7872002791436182,0.007707317588408373,0.004282144974486829,0.005326376832199966,0.004521061822182894,0.0033717005058625095,0.005705585270222499,0.004014693728422288,0.005106150322655298
sngp,SNGP (c=6.0),2.154434690031882,0.8103856237195295,0.0771715319743294,0.29044567409911143,0.8024999999999999,0.8068644733333333,0.7439634257836509,0.8171683933333332,0.7880081258963326,0.00765667916693257,0.004274783093103636,0.005287737530120327,0.004521061822182894,0.0033590926296000797,0.005698146198688249,0.00397610357317734,0.0050163049102722726
sngp,SNGP (c=6.0),3.1622776601683795,0.8062214975833163,0.07554028834335293,0.2897961406204814,0.8024999999999999,0.8069058266666667,0.7448431007990166,0.8170509966666666,0.7891215222290514,0.007586682580606129,0.0042647487522485,0.005231799746677078,0.004521061822182894,0.00333885902494168,0.005689571181024688,0.003918133412408689,0.00489691586809378
sngp,SNGP (c=6.0),4.6415888336127775,0.80059282926961,0.07314431197470407,0.28888539669414115,0.8024999999999999,0.8069586766666667,0.7460825381581643,0.8168265433333334,0.7906293152018029,0.007491681047558304,0.004255618485076171,0.0051512438597862776,0.004521061822182894,0.0033103062941113245,0.0056789354131787755,0.003833282726154392,0.004734274173885659
sngp,SNGP (c=6.0),6.812920690579608,0.7932712545244094,0.06963156315447107,0.2876369251125122,0.8024999999999999,0.8070108133333332,0.7478075573652939,0.8163936866666667,0.7925945541384962,0.007365509829741776,0.004241843631435115,0.005036053952766295,0.004521061822182894,0.00327501561770843,0.005665002578744817,0.003718267967755027,0.004525440746517901
sngp,SNGP (c=6.0),7.5,0.7911672208269054,0.06852074199069937,0.28726300749735234,0.8024999999999999,0.8070217,0.7483304100081951,0.8162369766666667,0.7931636088916206,0.007328327910146674,0.004231692588909248,0.005000311087101494,0.004521061822182894,0.0032616453759260625,0.0056611190907963505,0.0036817927108724127,0.00446171975093797
sngp,SNGP (c=6.0),10.0,0.7842893482931821,0.0644744747021941,0.2859849081695863,0.8024999999999999,0.8070293133333334,0.7501451124257325,0.81560993,0.795041868981766,0.007202345909912802,0.0042098942721447395,0.004872960425927376,0.004521061822182894,0.003229833991900065,0.005644276396966648,0.003567010752394802,0.004263512265671742
sngp,SNGP (c=6.0),14.67799267622069,0.7742755490834287,0.057031028738946436,0.28392290788243474,0.8024999999999999,0.8069497766666668,0.7532055393362017,0.8142304166666666,0.7979198255992624,0.006998962176114336,0.003998947384569477,0.004645479829159062,0.004521061822182894,0.0031774823985245447,0.0055819417760078795,0.0033840191305064033,0.003944420898785289
sngp,SNGP (c=6.0),21.54434690031882,0.7649796982144969,0.04725877253918374,0.2816112407203657,0.8024999999999999,0.8066487833333333,0.7570484147715631,0.81194992,0.8010957936385986,0.006760297761628798,0.0035060547077247917,0.004336165354165225,0.004521061822182894,0.0031253754755922853,0.0054676442337716425,0.003178859112338881,0.003595569426113809
sngp,SNGP (c=6.0),31.622776601683796,0.7600004290911571,0.03574763833317927,0.2795920423719998,0.8024999999999999,0.8059335266666666,0.7616486939151814,0.8084759833333335,0.8044152056443351,0.0065109524731675,0.002098508350614126,0.003934823333333512,0.004521061822182894,0.003053971882407166,0.005258989845642983,0.002945511660040244,0.003227205375120749
sngp,SNGP (c=6.0),32.4973,0.7599569865764519,0.03484151185968883,0.27948743582808805,0.8024999999999999,0.80586293,0.7620014238885474,0.8081803733333333,0.8046527274124156,0.006494147825713293,0.002097904376976533,0.0039029432116040497,0.004521061822182894,0.003049156194687336,0.005241286977416389,0.0029312936458214703,0.0032020332640068233
sngp,SNGP (c=6.0),35.3162,0.7601777598748592,0.03211017298091057,0.27922223608574187,0.8024999999999999,0.80562282,0.7630933389674247,0.8072325899999999,0.8053841208256505,0.0064446937016002315,0.0019155143437122465,0.003803333851664698,0.004521061822182894,0.003034866538284638,0.0051814035095945074,0.002879965201248083,0.0031279461516278357
sngp,SNGP (c=6.0),46.41588833612777,0.7656664488722874,0.0241511862380145,0.2791793426446081,0.8024999999999999,0.8046062033333333,0.7668433248821963,0.8036712966666667,0.8077970651505839,0.006312955730246861,0.0017119163536573965,0.0034561092400055087,0.004521061822182894,0.0029617244875297724,0.00493732014863888,0.002708112902693193,0.0028989896385305633
sngp,SNGP (c=6.0),68.12920690579608,0.791913871206511,0.03818884935179764,0.2830759530392004,0.8024999999999999,0.8025474633333333,0.7722928677525097,0.7975820366666667,0.8112418152018028,0.006285912504513524,0.00446986485743781,0.0029567531984782116,0.004521061822182894,0.00283107527682213,0.004497974122094154,0.002506608133840089,0.002726738201455388
sngp,SNGP (c=6.0),100.0,0.8527262496656168,0.09381372848412058,0.29616106847812385,0.8024999999999999,0.7997234533333333,0.7775185297582462,0.7902566333333333,0.8147813024994878,0.006629485129765906,0.0029560433998950452,0.002548292331650631,0.004521061822182894,0.0027139126839552403,0.003965759551561785,0.002383072033286675,0.002925397049560728
sngp,SNGP (c=6.0),146.77992676220674,0.9650734858728055,0.17281494298592767,0.3260399016004871,0.8024999999999999,0.7963186733333334,0.7820647357098954,0.7816848666666667,0.8183484173325137,0.007615869997962509,0.001919553980568628,0.0024640864206464993,0.004521061822182894,0.0026422775205177155,0.00340488689439755,0.0024406923301664996,0.003594585950082625
sngp,SNGP (c=6.0),215.44346900318823,1.1445984993524452,0.2618439489592379,0.38193158531423116,0.8024999999999999,0.7927049033333334,0.785669951085843,0.7717582033333334,0.8217205183364064,0.009383453114083316,0.0008147825204466862,0.0029926250722186586,0.004521061822182894,0.00261249233746883,0.0028731387335057157,0.0028031155587547084,0.0046994661512024015
sngp,SNGP (c=6.0),316.2277660168379,1.3974160006539467,0.34046327921858793,0.46923280359982594,0.8024999999999999,0.7892864666666667,0.788338954619955,0.7603454866666667,0.8245886050501946,0.011566072543967361,0.0005347032615917441,0.0039948065450129645,0.004521061822182894,0.002637983910666202,0.0024196321283085544,0.0034775708952130683,0.006095566287960552
sngp,SNGP (c=6.0),464.1588833612773,1.7123075987631182,0.4028259944960517,0.5805203324494409,0.8024999999999999,0.7863148366666666,0.7902507324318787,0.7475335833333334,0.826645848699037,0.01332684249393764,0.0004411070851744751,0.00470248502785964,0.004521061822182894,0.0026716848066592387,0.002046364187412152,0.0043487481781580295,0.007657149665540706
sngp,SNGP (c=6.0),681.2920690579608,2.061739746085709,0.4474302058951501,0.6941564115907064,0.8024999999999999,0.7838852533333335,0.7916039912415488,0.7337040966666667,0.8276939369493955,0.013975345949209116,0.0004457182874997138,0.0044024906803209335,0.004521061822182894,0.0027101415942590817,0.001750002541481437,0.00528874157820492,0.00932028944023426
sngp,SNGP (c=6.0),1000.0,2.413553999918674,0.47633479202020906,0.7884569740557114,0.8024999999999999,0.7819744966666665,0.7925684939049374,0.7194999599999999,0.8277600901454619,0.013472612909623777,0.0009865423503324846,0.0033448207017417603,0.004521061822182894,0.002755729615207779,0.0015178593321502588,0.006126423472410345,0.010987435091243343
sngp,SNGP (c=6.0),1467.7992676220674,2.7432735290955033,0.4937132694812898,0.8555402553759407,0.8024999999999999,0.78052331,0.7932688524380249,0.7056156366666667,0.8270106702007786,0.012240262893165096,0.0014650078070827983,0.00223687815539489,0.004521061822182894,0.002785864319757944,0.0013384245029030152,0.006875741004068786,0.012590623308899674
sngp,SNGP (c=6.0),2154.4346900318824,3.038080310817586,0.5040744601651844,0.8994605492330517,0.8024999999999999,0.7794249433333333,0.793791872823192,0.6926826899999999,0.82568680342143,0.010718470813531977,0.0013656891683781092,0.0014231820037609486,0.004521061822182894,0.0028142129789042653,0.0011972226441253286,0.0074970205707268305,0.01407074386289746
sngp,SNGP (c=6.0),3162.2776601683795,3.2941497776892885,0.5101933790843206,0.9275342746254421,0.8024999999999999,0.7786007100000001,0.7941883476746568,0.6810642666666666,0.8240325355972137,0.009182653118803187,0.0017086670287532505,0.0009043794302305423,0.004521061822182894,0.002831131858267951,0.0010930656616631948,0.008005389917139151,0.015378167568687229
specreg,SpecReg (matched),0.0,0.7961562756786947,0.0706985058936707,0.2863677609785773,0.8048000000000001,0.811273585,0.7821434990268387,0.8212202383333334,0.8225220139315713,0.011298174214610686,0.0020485757809850375,0.002741988789685606,0.0035510561809129677,0.0013631173519547718,0.009034113589958911,0.001980502541309439,0.013765164795213603
specreg,SpecReg (matched),0.01,0.7961194895471514,0.07068528610267133,0.2863627184491626,0.8048000000000001,0.8112734366666666,0.7821487937922558,0.82121923,0.8225290347777094,0.011297128151929922,0.002047783290855507,0.0027417604299607833,0.0035510561809129677,0.0013628979424128837,0.009032474188624233,0.001980342723293115,0.013761282509522773
specreg,SpecReg (matched),0.0146779926762206,0.7961022886324818,0.0706791021586229,0.2863603601057456,0.8048000000000001,0.8112736066666667,0.7821511793177627,0.8212187666666667,0.8225321284060643,0.011296639066618144,0.002047412691174897,0.0027416536300407094,0.0035510561809129677,0.0013628387098014935,0.009031762294525441,0.001980204882766774,0.013759585360448037
specreg,SpecReg (matched),0.0215443469003188,0.7960770499241835,0.07067002594203087,0.2863568991637004,0.8048000000000001,0.8112736100000001,0.7821545917844702,0.8212180333333333,0.8225368072628559,0.011295921489855278,0.002046868509524185,0.0027414968998918875,0.0035510561809129677,0.001362957441044968,0.009030526653622669,0.001980376384991842,0.013757186636359322
specreg,SpecReg (matched),0.0316227766016837,0.7960400234765648,0.07065670473064306,0.2863518205583678,0.8048000000000001,0.8112735333333333,0.7821598084408933,0.8212165666666668,0.8225439203032167,0.011294868882030204,0.002046069756221686,0.002741266917618587,0.0035510561809129677,0.0013630763763022612,0.009028411050139533,0.0019801129588064284,0.013753515387010432
specreg,SpecReg (matched),0.0464158883361277,0.7959857167938714,0.0706371543590732,0.2863443691206479,0.8048000000000001,0.8112732233333334,0.7821676014136448,0.8212147999999999,0.8225540731919688,0.011293325265729843,0.002044896348018078,0.0027409294922456297,0.0035510561809129677,0.0013630508547128617,0.00902611863745248,0.0019797686889381446,0.013747951569702462
specreg,SpecReg (matched),0.0681292069057961,0.7959060930964252,0.07060846399790494,0.28633343822775964,0.8048000000000001,0.8112726833333332,0.7821789771563205,0.82121195,0.8225688024994877,0.01129106255995038,0.0020431718380822857,0.0027404345263367337,0.0035510561809129677,0.0013631090257325454,0.009022277018836036,0.0019797515777742877,0.013739949349060202
specreg,SpecReg (matched),0.1,0.7957894099442075,0.07056636346051924,0.2863174074840238,0.8048000000000001,0.8112718566666667,0.782195426142184,0.8212074366666666,0.8225908919791026,0.011287747839040102,0.002040637463744883,0.0027397086765122702,0.0035510561809129677,0.0013627803113610175,0.00901672201402584,0.001979347500827778,0.013728183062151273
specreg,SpecReg (matched),0.1467799267622069,0.7956185475592287,0.0705089169988503,0.2862939068748533,0.8048000000000001,0.8112715933333333,0.782219934439664,0.8212024733333334,0.822622750204876,0.011282896402494245,0.0020300575634270564,0.0027386446975648233,0.0035510561809129677,0.0013626933777388238,0.00900922868371977,0.001979820875542406,0.013711045836123462
specreg,SpecReg (matched),0.2154434690031883,0.7953686255683722,0.07041817078162214,0.2862594757599262,0.8048000000000001,0.8112707499999999,0.7822558543331285,0.8211936233333335,0.8226698665744724,0.011275805287883469,0.002024746699040721,0.002737086053336347,0.0035510561809129677,0.0013633721341951642,0.008998566646521901,0.0019783992378013806,0.013685934138779533
specreg,SpecReg (matched),0.3162277660168379,0.7950036545863403,0.07028617177619563,0.28620907342765783,0.8048000000000001,0.8112696233333333,0.7823083269309569,0.82118044,0.8227377804240934,0.011265460747991231,0.002018557664889224,0.0027348048689693288,0.0035510561809129677,0.0013637173522887116,0.008980467324468963,0.001977163452448926,0.013649108289157363
specreg,SpecReg (matched),0.4641588833612777,0.7944719377497038,0.07009056288672007,0.28613538441279807,0.8048000000000001,0.81126716,0.7823840273509527,0.8211593633333333,0.8228368405552141,0.011250413059347271,0.0020076337717742617,0.0027314707282370967,0.0035510561809129677,0.0013652925142986947,0.008956410602150761,0.0019772123148598707,0.013594889851186242
specreg,SpecReg (matched),0.654703,0.7937939741448794,0.06984280229325257,0.28604097779015025,0.8048000000000001,0.8112655733333334,0.7824823819401763,0.8211330766666666,0.8229646294304446,0.011231265777209261,0.001994100372506498,0.0027272009548754204,0.0035510561809129677,0.0013654261656103287,0.00892544521519245,0.001975697148105798,0.01352682111019963
specreg,SpecReg (matched),0.6812920690579611,0.7936999834504296,0.06980766663133636,0.2860278494787141,0.8048000000000001,0.8112657566666667,0.7824963173530014,0.8211290733333333,0.822982298709281,0.011228614702272873,0.0019919850223993913,0.0027266073541432696,0.0035510561809129677,0.0013660145310476963,0.008921176055876362,0.001975409977810536,0.013517449601651754
specreg,SpecReg (matched),1.0,0.7925849392920563,0.06939251336293784,0.28587135091996735,0.8048000000000001,0.8112622099999999,0.7826592424708053,0.8210853366666666,0.8231896396742471,0.011197227286582798,0.001960785355128407,0.0027195343110638075,0.0035510561809129677,0.0013670684121872146,0.008870068709118316,0.001973149162641663,0.013404042060013737
specreg,SpecReg (matched),1.467799267622069,0.7909862625657701,0.06877687010766596,0.2856445102760645,0.8048000000000001,0.81125842,0.7828973609403812,0.8210142133333335,0.8234870723212456,0.01115242560765945,0.0019220490690797585,0.002709292638910736,0.0035510561809129677,0.0013693817526168072,0.008796639401213946,0.0019715600473060864,0.01324076777014619
specreg,SpecReg (matched),2.154434690031882,0.7887189730029434,0.06787491385984126,0.28531766642168316,0.8048000000000001,0.8112469633333332,0.7832423465990576,0.8209055133333334,0.8239101093525917,0.011089274943600371,0.0018538756263316108,0.002694559233380462,0.0035510561809129677,0.0013735862350189138,0.008693074737524741,0.0019649676898701833,0.013008501993984203
specreg,SpecReg (matched),3.1622776601683795,0.7855541544534684,0.06654792926602843,0.28485089606476804,0.8048000000000001,0.81123564,0.7837387894386397,0.82072681,0.824499873232944,0.01100184388923696,0.0017513350668996834,0.002673569965440458,0.0035510561809129677,0.001377286487118825,0.008545033180647275,0.00195861593256567,0.012681399242471697
specreg,SpecReg (matched),4.6415888336127775,0.7812384121042347,0.06461702366095506,0.28419312705011374,0.8048000000000001,0.8112075833333333,0.7844461316840811,0.8204452799999999,0.8253030705797992,0.010883850821975023,0.0015908784271914838,0.0026441062014692608,0.0035510561809129677,0.001382365339059567,0.008340690778938687,0.0019473794288478365,0.012229442034574668
specreg,SpecReg (matched),6.812920690579608,0.7755536593433187,0.06180232753029737,0.28328488309145144,0.8048000000000001,0.8111583699999999,0.7854398253431674,0.8199732233333333,0.8263557160417947,0.010730329107852179,0.0013357701218756066,0.002603673026816322,0.0035510561809129677,0.0013939208070762874,0.008066753120032697,0.0019394906719635233,0.011620352354801338
specreg,SpecReg (matched),7.5,0.7739036678893046,0.06091393477057474,0.28301130076237246,0.8048000000000001,0.8111376266666667,0.7857431084818685,0.81981048,0.8266627394488834,0.010686124405250467,0.00125538623519832,0.002591557722905468,0.0035510561809129677,0.0013948363735339466,0.007984433576035569,0.0019389666754228425,0.011440262413285756
specreg,SpecReg (matched),10.0,0.7684516826024795,0.057712671574016494,0.28207023390516944,0.8048000000000001,0.8110490600000001,0.7868040847162466,0.8191759,0.8276771819299323,0.010541021182081856,0.0009388503555235621,0.0025501460964008384,0.0035510561809129677,0.0014023462187705284,0.00771055719540094,0.001930945123067992,0.010825209914666692
specreg,SpecReg (matched),14.67799267622069,0.7603116287327453,0.0518115552433008,0.2805294341146687,0.8048000000000001,0.8108299733333334,0.7886342834460152,0.8178346433333333,0.8292277069248105,0.010326419870397079,0.00036904789298986386,0.002483447876599769,0.0035510561809129677,0.0014279297540612254,0.00726152993724784,0.001911454542654073,0.009831191352407571
specreg,SpecReg (matched),21.54434690031882,0.7523773434364172,0.04342336259549243,0.2787548431126316,0.8048000000000001,0.8103794233333333,0.7909939267055931,0.8156388233333334,0.8309142811411596,0.010117376645702293,0.0009560586522593934,0.0024092960720197096,0.0035510561809129677,0.0014657302664655197,0.00671376033648023,0.0018907721884015953,0.008619706648122972
specreg,SpecReg (matched),31.622776601683796,0.74743031767812,0.0328941375777114,0.2771130858589488,0.8048000000000001,0.80953703,0.7938985594652737,0.8122543566666667,0.8325797608072117,0.009978533457109246,0.0030888932913167464,0.0023466555657249135,0.0035510561809129677,0.0015073921635393517,0.006089740777697843,0.0018725742872401764,0.007216378474653666
specreg,SpecReg (matched),32.4973,0.7473113739432679,0.03210025377482703,0.2770213441991609,0.8048000000000001,0.8094581666666668,0.7941224556955541,0.8119593099999999,0.8326930687871338,0.009973972749075142,0.0033713289518303184,0.0023436013039684384,0.0035510561809129677,0.0015113945248124466,0.006041476629956842,0.0018666911868596998,0.007110045583719829
specreg,SpecReg (matched),35.3162,0.7472230175358118,0.02988760350532067,0.27677837039660363,0.8048000000000001,0.8091930333333334,0.794825877125589,0.8110132533333333,0.8330375678651917,0.009966188896627455,0.0038671458978062835,0.0023361772136417727,0.0035510561809129677,0.0015179035807431492,0.00590071209902327,0.001863659587621401,0.006781024205571233
specreg,SpecReg (matched),46.41588833612777,0.7507377607915723,0.024463479487307763,0.27657129395804114,0.8048000000000001,0.8080965466666665,0.7972662850850236,0.8073741333333334,0.8341006299938538,0.010023467315735687,0.0029439796136701835,0.002340347275139233,0.0035510561809129677,0.0015464093130322432,0.0054231218777469736,0.0018776566152877078,0.005672081510606781
specreg,SpecReg (matched),68.12920690579608,0.7712417340185539,0.03264439311936557,0.2793080357571354,0.8048000000000001,0.8058612666666667,0.8008886537082565,0.80082934,0.8353996670764188,0.010421564698161202,0.00036931555572545144,0.0024775268262301267,0.0035510561809129677,0.001599095527926094,0.004821642570340023,0.001972243043871559,0.004115897330435769
specreg,SpecReg (matched),100.0,0.8226395783456381,0.08358081586914938,0.28972937467538135,0.8048000000000001,0.8026901033333335,0.804400262497439,0.79251708,0.8364369737246466,0.011361758852177948,0.0005671224391354937,0.002896592448444595,0.0035510561809129677,0.0016508097719098746,0.004408052809419402,0.002218469534769421,0.0029296227698037106
specreg,SpecReg (matched),146.77992676220674,0.9230933888036628,0.15952053468042743,0.3156765465510308,0.8048000000000001,0.7986920033333332,0.8073828173017824,0.7822289800000001,0.8370413567916412,0.012911491430994067,0.001346351102602905,0.0037057447934335415,0.0035510561809129677,0.001720705178010764,0.004307153896407039,0.002666194394881966,0.0029271455536026736
specreg,SpecReg (matched),215.44346900318823,1.0910626820323488,0.25070450572150954,0.36791322479967237,0.8048000000000001,0.7942084066666667,0.8095939689612784,0.7695607033333335,0.8367994660417947,0.014817086477326219,0.0014366975218238105,0.0047189161838360446,0.0035510561809129677,0.0018031653857683559,0.004500172667122224,0.0033191410262646505,0.004318355155834406
specreg,SpecReg (matched),316.2277660168379,1.3358760649486765,0.33291125185289067,0.45386903078080937,0.8048000000000001,0.7897080833333332,0.8110058799426346,0.7540678399999999,0.8351087059516492,0.016494447123889987,0.0013054834382063725,0.005430486855211418,0.0035510561809129677,0.0019008404451802824,0.004842902608054104,0.004089921701597736,0.0064180788941124774
specreg,SpecReg (matched),464.1588833612773,1.6480414583052985,0.39813326198746085,0.5667126513856272,0.8048000000000001,0.78561548,0.8118042089223519,0.7356383233333332,0.8314300629993854,0.017300872408330996,0.0005208333511002303,0.005382719876851366,0.0035510561809129677,0.002003459364524332,0.00520952247815537,0.004776900458941286,0.008815083008992981
specreg,SpecReg (matched),681.2920690579608,1.9995631886346887,0.44494069844222334,0.6835618871173996,0.8048000000000001,0.7821494633333334,0.8122116036672814,0.7147352566666666,0.82549979512395,0.01693138240330915,0.0004253415570868799,0.004464381733930075,0.0035510561809129677,0.002095475918099082,0.005544635501509051,0.005168977602082776,0.011259026829828616
specreg,SpecReg (matched),1000.0,2.356560829818215,0.4751733474927617,0.7811115298341099,0.8048000000000001,0.7793661900000001,0.8124055380557262,0.69250902,0.8175622900020487,0.015608053053185168,0.0008451153499724506,0.0031697973392298844,0.0035510561809129677,0.0021723805128015276,0.005822429979364007,0.005319470511535936,0.01356226582717435
specreg,SpecReg (matched),1467.7992676220674,2.6928374962228463,0.49340434179195963,0.8506574209291297,0.8048000000000001,0.7771982733333332,0.8124946655398485,0.6704041733333334,0.8082760730383117,0.013800850465479068,0.0009892981203382418,0.0020638571114245815,0.0035510561809129677,0.002232396213070922,0.00604129564882594,0.005293100746843222,0.015657351921273877
specreg,SpecReg (matched),2154.4346900318824,2.9944283061867796,0.5040599741576625,0.896212926550855,0.8048000000000001,0.7755400733333334,0.8125421878201188,0.6496528,0.7984356023355869,0.011890806395966999,0.0008981736799193813,0.0013114817201046124,0.0035510561809129677,0.0022816310263566336,0.0062089364336099535,0.00519969506289553,0.017521242809941336
specreg,SpecReg (matched),3162.2776601683795,3.2569021752343414,0.5106229807220614,0.9253283108801827,0.8048000000000001,0.7742842133333333,0.8125672339172301,0.63108016,0.7887590222290516,0.010086980603877103,0.0013976882316526138,0.0008429603161692369,0.0035510561809129677,0.002317893355815485,0.0063357825467913595,0.005088134525648959,0.019183658780421328
specreg_trace,SpecReg (trace-logistic),0.0,0.795789941959617,0.07153302130556753,0.28572764895524627,0.8047,0.810604375,0.7625060246363451,0.8204647516666667,0.7968542268490063,0.00442937959742515,0.0025400814697817695,0.002768533587887398,0.0018520259177452192,0.0012149212582303979,0.03451599116949373,0.002302579040691847,0.025829313951024762
specreg_trace,SpecReg (trace-logistic),0.01,0.793761644169059,0.07086268307743272,0.2854730572300065,0.8047,0.8105876433333333,0.7628652299733661,0.8203895366666667,0.7975043638598648,0.004340853996671171,0.0025574025252981542,0.0027579198281994133,0.0018520259177452192,0.0012328033282861558,0.034558507543084045,0.002352770593201466,0.025907711350498828
specreg_trace,SpecReg (trace-logistic),0.0146779926762206,0.7928351194259299,0.07054887363878073,0.2853553254084897,0.8047,0.8105796399999999,0.7630316418254456,0.8203510133333333,0.7978041256914566,0.0043003989414735514,0.002565331334357727,0.0027530089854498506,0.0018520259177452192,0.001242225043903087,0.03457863889727658,0.0023756023525483574,0.025944172183109467
specreg_trace,SpecReg (trace-logistic),0.0215443469003188,0.791500193536448,0.07008482170214086,0.2851840808110519,0.8047,0.8105693166666667,0.7632740178754354,0.8202960166666667,0.7982379251178037,0.004242086342191684,0.00257085165711572,0.0027458610216230628,0.0018520259177452192,0.0012517822348289429,0.0346082353231579,0.002412154965095173,0.025998562630293952
specreg_trace,SpecReg (trace-logistic),0.0316227766016837,0.7895932112463568,0.0694031530402665,0.2849360625041439,0.8047,0.8105520633333333,0.7636262932800655,0.8202078033333332,0.7988585369289081,0.004158715569893387,0.002583950513739885,0.002735493897533223,0.0018520259177452192,0.0012694388448576547,0.03465145157976674,0.002467090871235467,0.026076138284033462
specreg_trace,SpecReg (trace-logistic),0.0464158883361277,0.7869026354146355,0.06840395723685877,0.2845791109407172,0.8047,0.8105290866666666,0.7641327455951649,0.8200702999999999,0.799741299170252,0.004040885383048626,0.0025980725868411892,0.002720531122344622,0.0018520259177452192,0.0012951408174145154,0.034714187251280504,0.002539736845974337,0.026190184077776922
specreg_trace,SpecReg (trace-logistic),0.0681292069057961,0.7831743107289877,0.0669369508501464,0.28407017046954075,0.8047,0.8104881433333334,0.7648600722188076,0.8198420633333333,0.8009764187666462,0.0038769877618129492,0.0026085920672109515,0.002699075540052944,0.0018520259177452192,0.0013308621010958716,0.03480393596836982,0.0026501454215634734,0.026353148527007837
specreg_trace,SpecReg (trace-logistic),0.1,0.778142113451795,0.06477854424878943,0.283354629453286,0.8047,0.8104182733333333,0.765884458871133,0.81945479,0.8026583922351976,0.003653800611091368,0.0026319644044687247,0.00266856617651043,0.0018520259177452192,0.0013896880165826196,0.03493694610951735,0.002814295056883709,0.026598812566789143
specreg_trace,SpecReg (trace-logistic),0.1467799267622069,0.7716098464954424,0.0616137611605286,0.2823698703990927,0.8047,0.8102769333333333,0.7672893758963327,0.8187756299999999,0.8048457155296046,0.0033578686547819764,0.002650814596196767,0.0026256304401603065,0.0018520259177452192,0.0014776555501987926,0.0351528678563924,0.003060055538923952,0.026989545514236865
specreg_trace,SpecReg (trace-logistic),0.2154434690031883,0.7636259562094448,0.05695464581203933,0.28105933409522116,0.8047,0.8099704833333333,0.7691301603155091,0.8174972066666667,0.807502668510551,0.0029773820373165216,0.002698620262997412,0.0025659620798338914,0.0018520259177452192,0.0016045916091434816,0.03553361100822694,0.003415024234618714,0.02764847352364665
specreg_trace,SpecReg (trace-logistic),0.3162277660168379,0.7548146628944732,0.05004471258864116,0.2794105333238442,0.8047,0.8093129466666668,0.7714352399610735,0.8151220166666667,0.810413213224749,0.0025036070122576738,0.0027342181038343396,0.002484340562224045,0.0018520259177452192,0.0017807356801146322,0.03617659553260104,0.003876808403278747,0.028721404146190968
specreg_trace,SpecReg (trace-logistic),0.4641588833612777,0.7469628917868204,0.039657920518201,0.2775468238411767,0.8047,0.80798557,0.774158594550297,0.81090208,0.8132238975107561,0.0019314620502175485,0.003263561445868304,0.0023752380677188253,0.0018520259177452192,0.0020174431728304117,0.03716101626673893,0.004441875248799794,0.030302555250024482
specreg_trace,SpecReg (trace-logistic),0.654703,0.743914060540397,0.028056680900297667,0.27607219531875665,0.8047,0.80591501,0.7769172569657857,0.8049877033333335,0.8153775225363655,0.0013373300776450706,0.0020673436251513262,0.0022507724357090273,0.0018520259177452192,0.0022925950929896925,0.03829537403749916,0.004974763264893434,0.032030302229678974
specreg_trace,SpecReg (trace-logistic),0.6812920690579611,0.7440248767768579,0.026798242991979734,0.27594754603056604,0.8047,0.8056112233333333,0.7772529822270027,0.8041532233333332,0.8155962110735505,0.0012643976558363282,0.0017170257200065666,0.002234672445044473,0.0018520259177452192,0.0023268443173175978,0.038437174621902846,0.005036621128359087,0.03224279624132673
specreg_trace,SpecReg (trace-logistic),1.0,0.7537580445751492,0.016513124607863666,0.2759982696671852,0.8047,0.8018890733333333,0.7805969435054291,0.79439038,0.8172980127023152,0.0005721130448981415,0.002134453951013967,0.0020611710587122934,0.0018520259177452192,0.0026691507895645655,0.03984594453455621,0.0056036532041516575,0.03428733965281378
specreg_trace,SpecReg (trace-logistic),1.467799267622069,0.7899360178979707,0.05645427385813583,0.28136097555675343,0.8047,0.7966437900000001,0.7839776236939152,0.7811593533333333,0.8181705465068635,0.0006716904532315458,0.002963863612297401,0.0018631351484038677,0.0018520259177452192,0.0030806103921300603,0.04119799034600485,0.0061810985072747,0.03621346629701562
specreg_trace,SpecReg (trace-logistic),2.154434690031882,0.873631354272951,0.13271869076361306,0.3007231208586068,0.8047,0.7898676966666667,0.7870457885166974,0.76371774,0.8178425463532063,0.0016238916430113515,0.0028139070992324227,0.0017127186509494198,0.0018520259177452192,0.0035987838777749707,0.04234785467543883,0.006785099775854444,0.03780072939767551
specreg_trace,SpecReg (trace-logistic),3.1622776601683795,1.029142823729658,0.234642670402728,0.34945801131275384,0.8047,0.7818476099999999,0.7894226887420611,0.7406895800000001,0.8154134040155706,0.0028121554924771088,0.0021376453121436908,0.0017537853927496717,0.0018520259177452192,0.004203412907019653,0.04323622512453063,0.007361767475144825,0.038873013502066886
specreg_trace,SpecReg (trace-logistic),4.6415888336127775,1.270705026708464,0.3276775314081721,0.4404608663648209,0.8047,0.7732643266666667,0.790903827340709,0.7104037499999999,0.8093085164413029,0.004085750816879203,0.001356751146757779,0.0019801527825940054,0.0018520259177452192,0.004846859058507197,0.043872262379578204,0.007965552512462675,0.03942775293495737
specreg_trace,SpecReg (trace-logistic),6.812920690579608,1.5879244734447504,0.39825739446526387,0.5640189894776034,0.8047,0.7649529733333335,0.7915846919176399,0.6723191166666668,0.7981594255787748,0.005130776617695142,0.0011249523655173733,0.002105687762566481,0.0018520259177452192,0.005393165167453404,0.04432261692032642,0.008604616209700038,0.03972855609231452
specreg_trace,SpecReg (trace-logistic),7.5,1.6755477366744305,0.41222831701083523,0.5963710881772241,0.8047,0.7630022666666667,0.7916586252817046,0.6617331566666667,0.794497294355665,0.005318318264618791,0.000852217368523285,0.0020851764182675888,0.0018520259177452192,0.0055151123871896995,0.044415311572323375,0.008752929746892296,0.03985653729590865
specreg_trace,SpecReg (trace-logistic),10.0,1.9475917199155888,0.44613382891573955,0.6879781399500949,0.8047,0.7575923533333334,0.7917164349006351,0.6283043966666667,0.7815922608072116,0.005664494634381079,0.0007751243023750852,0.0018858857413969275,0.0018520259177452192,0.0057911220779943975,0.0446640342184314,0.009121670148609479,0.04057837917751356
specreg_trace,SpecReg (trace-logistic),14.67799267622069,2.31205994230198,0.4757339642655127,0.7863189866540344,0.8047,0.7514625533333333,0.7915578915693505,0.5822953066666666,0.7607836252817046,0.00566018621153179,0.000790721733427513,0.0014239532188349822,0.0018520259177452192,0.006095542278602692,0.04492822550189705,0.009424625880916079,0.04263668112297938
specreg_trace,SpecReg (trace-logistic),21.54434690031882,2.654432760428939,0.49347517033997573,0.8540016183908635,0.8047,0.7465711699999998,0.791294983097726,0.5388076566666666,0.737915237656218,0.005283993110194155,0.0008187222187009778,0.0009652797210039853,0.0018520259177452192,0.0062955127310887074,0.045125011987180955,0.009419784656850436,0.045831493790369625
specreg_trace,SpecReg (trace-logistic),31.622776601683796,2.9611968320174213,0.5040526667744686,0.8978116437095355,0.8047,0.7427621066666666,0.7910221739909854,0.5008496866666666,0.7152928779963122,0.004724260086908601,0.0007961127933002984,0.0006263647707579393,0.0018520259177452192,0.006437707734064464,0.04526578645482645,0.009219909247559525,0.049447152520097015
specreg_trace,SpecReg (trace-logistic),32.4973,2.981500097263711,0.5045555401288407,0.9002425494229311,0.8047,0.7425287766666667,0.7910049848903912,0.4984033266666666,0.7137465183876256,0.00468131925835213,0.00048180862896051775,0.0006071385221487839,0.0018520259177452192,0.006445526259851316,0.04527339755155146,0.00919622014059219,0.04969984669758028
specreg_trace,SpecReg (trace-logistic),35.3162,3.0421602189429398,0.5063766856128813,0.9071977480960401,0.8047,0.7418408933333334,0.7909490703749231,0.4911624633333333,0.7090906461278426,0.0045492267290882,0.0007972198099597747,0.0005521232691507053,0.0018520259177452192,0.006470580719296569,0.04529712553982076,0.0091388649931506,0.050470568197344495
specreg_trace,SpecReg (trace-logistic),46.41588833612777,3.2282705313381723,0.5103933139283003,0.9258953466134262,0.8047,0.7398380233333333,0.7907823371235403,0.4695610333333333,0.694596176500717,0.004111614097061744,0.0005169847289322509,0.0004054593540417124,0.0018520259177452192,0.006541131525923839,0.04536051692271978,0.008936814938412517,0.05286002714849739
specreg_trace,SpecReg (trace-logistic),68.12920690579608,3.45672300497942,0.5145517133703384,0.9441956774474506,0.8047,0.7376115566666668,0.7905890762651095,0.44462725666666664,0.6766138521819299,0.003518146315567247,0.000544244374261728,0.0002672585875447686,0.0018520259177452192,0.006616106240269482,0.045417810382360035,0.00864614945779531,0.0557890147613495
specreg_trace,SpecReg (trace-logistic),100.0,3.64997667058806,0.5170161714223344,0.9564441642252652,0.8047,0.73592054,0.7904414080106535,0.42505791,0.6614684811001844,0.0029774786171456783,0.0005616058497779799,0.0001808030755609291,0.0018520259177452192,0.006676943990988688,0.045453464748823634,0.008370133176401647,0.05819377119709007
specreg_trace,SpecReg (trace-logistic),146.77992676220674,3.8122758820977474,0.5191900933448466,0.9648832768916517,0.8047,0.7346369133333334,0.7903299695246876,0.40982545666666664,0.6489440035341119,0.0025016339761253967,0.0008167928343025689,0.0001257124440531924,0.0018520259177452192,0.006723078348809683,0.04547063102578906,0.008103323135265713,0.06012177509982528
specreg_trace,SpecReg (trace-logistic),215.44346900318823,3.947920137494713,0.5201960870166915,0.9708600319022987,0.8047,0.7336542766666666,0.7902493175066585,0.3979260233333333,0.6386547262343782,0.0020914876198462875,0.0005797358035032321,8.969464747067935e-05,0.0018520259177452192,0.006758607986829363,0.04547420651123714,0.007902944296965107,0.06165858543000117
specreg_trace,SpecReg (trace-logistic),316.2277660168379,4.060910822717698,0.52106269559464,0.9751983329415501,0.8047,0.7328985333333332,0.7901904335689408,0.3885537733333333,0.6302068825548043,0.0017426199900286764,0.0005842881684267871,6.549054794943756e-05,0.0018520259177452192,0.006782399621110012,0.04547146378481603,0.007743229577549278,0.06288115299170613
specreg_trace,SpecReg (trace-logistic),464.1588833612773,4.154812041051001,0.5219882841350704,0.9784151507954956,0.8047,0.7323174433333334,0.7901492573243187,0.3810914366666666,0.6232337610120876,0.0014484517668828948,0.0008203932963331433,4.878575860263031e-05,0.0018520259177452192,0.006800674301863987,0.04546509538151959,0.007605013152817846,0.06385958206269819
specreg_trace,SpecReg (trace-logistic),681.2920690579608,4.232718940381772,0.5223877615435085,0.9808440007025306,0.8047,0.7318629233333334,0.7901201777299733,0.37507027666666665,0.6174220702724851,0.0012018666530847575,0.0005895156138960739,3.696872112247296e-05,0.0018520259177452192,0.006816107137100649,0.04545591634988596,0.007512511145824215,0.06466351670225694
specreg_trace,SpecReg (trace-logistic),1000.0,4.297277579457479,0.5228178914290993,0.9827060526424972,0.8047,0.7315073066666667,0.7900998860376971,0.37012343000000003,0.6125061872567097,0.0009960112925112095,0.0008209171879989297,2.8421509081281255e-05,0.0018520259177452192,0.0068288307149711475,0.04544568100872061,0.007432608942356648,0.06532425552585884
specreg_trace,SpecReg (trace-logistic),1467.7992676220674,4.3507271772152905,0.5230968755390952,0.9841518597678229,0.8047,0.7312293933333333,0.7900855459946733,0.3659756733333333,0.6082690995697603,0.0008246534285172586,0.0004438796052434063,2.211663641876514e-05,0.0018520259177452192,0.006839986608468818,0.04543677118382643,0.007382227703697156,0.06587086966720082
specreg_trace,SpecReg (trace-logistic),2154.4346900318824,4.394949746038748,0.523263725478062,0.9852864170411036,0.8047,0.7310093733333334,0.7900750960356483,0.3624178066666666,0.6045253073140749,0.0006823070804589846,0.0005927231437878198,1.7385265343749655e-05,0.0018520259177452192,0.006846886981339309,0.045427944027834774,0.007339885537474906,0.06633259447360917
specreg_trace,SpecReg (trace-logistic),3162.2776601683795,4.431519617030749,0.5233456615608848,0.9861845815226418,0.8047,0.7308350899999999,0.7900674515980333,0.35926948999999997,0.6011199728539234,0.0005642387655376625,0.0008208972780671954,1.3781518107451736e-05,0.0018520259177452192,0.00685399131494201,0.04542061947325897,0.007319648257621363,0.06673165001043614
