rff_dim,length_scale,log_ev_recipe_mean,log_ev_recipe_std,log_ev_type2_mean,log_ev_type2_std,alpha_mean,alpha_std,noise_mean,noise_std,log_ev_val_type2_mean,log_ev_val_type2_std,val_alpha_mean,val_alpha_std,val_noise_mean,val_noise_std,rho_mean,rho_std
1024,1.0,-103.76597743906858,0.0004328556220597344,88.46721666352546,0.007529943552891343,4787655.9292077795,185734.33387704834,0.009891838639897168,4.353746523786253e-06,88.3653360246858,0.0002459303504838461,22321895.625875756,4342305.62655044,0.009976512274545718,4.309989501446867e-06,9.132402737935385,0.033204472573592624
1024,1.5,-103.70382917236573,0.0017680047593907297,92.94150128684034,0.1555827796393892,520853.9695737506,12385.196652477098,0.008765630213338602,3.1756360000815324e-05,88.6776266116277,0.022773307959571536,989296.6432084469,42299.46556706521,0.009476369341762025,2.173161317190375e-05,6.088268491956923,0.022136315049062282
1024,2.0,-103.54916860402953,0.004678548046686281,108.0211492025213,0.5423247262607246,232030.12305924916,3476.944478831911,0.0063407781871001314,7.22879425167967e-05,92.34167461407598,0.1437850311050814,293898.5839670846,4492.696705759162,0.008015305347999319,3.8710123306436405e-05,4.566201368967692,0.016602236286796312
1024,2.5,-103.35600723928297,0.006595480172359361,128.00750739025463,0.7440197806019021,190005.36725892802,823.7194540569649,0.004202899794110847,6.411405676542029e-05,99.8268563606005,0.35318140321724417,199064.35682839385,2684.9616447573744,0.006483443629037788,6.255453867212073e-05,3.652961095174154,0.013281789029437083
1024,3.0,-103.1472328380333,0.00907648469469258,144.5604960793342,0.793797927953128,182698.80742368186,473.3648897415611,0.0030022008287566705,4.849357254374894e-05,106.5397424814111,0.39405439217375415,172057.99481779776,1570.8116756263867,0.005523750784155928,5.339276711888895e-05,3.0441342459784617,0.011068157524531141
1024,4.0,-102.672859347089,0.013474832901777157,162.11975969154756,0.7116492237525406,154007.01367411079,615.7388778042376,0.0021060985245037853,3.0388831684624365e-05,113.5976676294331,0.31057855717706834,134166.6254127867,1226.6170549272947,0.004756705356243541,3.2365993455313646e-05,2.283100684483846,0.008301118143398156
1024,5.0,-102.16398097197016,0.01580261011790435,167.7503359713945,0.6709209241901011,111269.75705457632,750.8985570250658,0.0018816543152153867,2.564030845883716e-05,115.88528577879089,0.28198118668010347,98127.93810667719,1149.648900439567,0.004572316019123125,2.828596328701546e-05,1.826480547587077,0.006640894514718542
1024,7.0,-101.21225404392483,0.01824883343158741,169.25266271581438,0.514645197362218,51510.553178954986,442.2503737696411,0.0018271011504948545,1.8982616084555935e-05,116.69317801101455,0.2960268848602041,49784.08733147316,880.0227185652521,0.0045462807242228195,3.053609252505947e-05,1.3046289625621978,0.0047434960819418255
1024,10.0,-100.07575466608296,0.019643269869240938,168.29231787063532,0.4538664787024557,18279.830582882616,147.65878646571014,0.0018616286755623488,1.6932221250693707e-05,116.35165914141142,0.29264539606373297,20569.8117428441,440.23918470279074,0.004606906194177268,3.0644928457818596e-05,0.9132402737935384,0.003320447257359271
1024,14.0,-98.97013424877686,0.019822023733148595,167.15359216120348,0.44861832708395477,6260.219576862066,61.36565873714788,0.0019011923480553937,1.6846596799792834e-05,115.72563627621423,0.3123536417975463,8443.099198828988,204.01668154437007,0.0046775626527281585,3.383490017417792e-05,0.6523144812810989,0.0023717480409709128
1024,20.0,-97.80353829738085,0.020021726078453612,166.1024452288597,0.45983875966399534,1904.869713517807,27.74911529677927,0.0019355958218440251,1.7311077386954433e-05,114.96695397205276,0.32878622846486905,3321.517863627238,115.03042500206001,0.004760092873633783,3.836074960561947e-05,0.4566201368967692,0.0016602236286796354
1024,30.0,-96.52476895484718,0.023437892081452916,165.14227831203516,0.46470555707185873,466.7615346113457,9.320323822544966,0.001963083497824598,1.7657304473036448e-05,114.08694711967796,0.3149149881619505,1255.0416587606794,72.33252534615262,0.004874542437338013,4.147403625789282e-05,0.30441342459784615,0.0011068157524531236
