model,level,n,n_incorrect,mean_field_factor,acc,nll,mean_conf,mean_conf_correct,mean_conf_incorrect,frac_wrong_conf_ge_0.9
Baseline Classifier,0,3419.0,64.0,,0.9812810763381106,0.09438543226118647,0.9353138815244411,0.9409941679585708,0.6375426161102951,0.0008774495466510676
Baseline Classifier,1,3419.0,73.0,,0.9786487276981574,0.10161733827536501,0.9312833863048743,0.9378532001752021,0.630151917673137,0.000584966364434045
Baseline Classifier,2,3419.0,96.0,,0.9719216145071659,0.11898376294104715,0.9225579836836472,0.9312110946474755,0.6230341531336308,0.0017548990933021352
Baseline Classifier,3,3419.0,163.0,,0.9523252412986253,0.17895182066314885,0.9045330755244783,0.918637811798941,0.622784478532756,0.00233986545773618
Baseline Classifier,4,3419.0,309.0,,0.90962269669494,0.31974248522328474,0.8792394646847935,0.9030967346629146,0.6391226050344486,0.010236911377595788
Baseline Classifier,5,3419.0,564.0,,0.8350394852295993,0.6227231993084046,0.853232405371539,0.8891378592693242,0.671476960552077,0.03363556595495759
Deep Ensemble,0,3419.0,38.0,,0.9888856390757531,0.06831679758874501,0.9490880784356619,0.9528423733557515,0.6150546277824201,0.0008774495466510676
Deep Ensemble,1,3419.0,40.0,,0.988300672711319,0.07452602431362965,0.9448043502764801,0.9487484145813632,0.6116295181214809,0.0008774495466510676
Deep Ensemble,2,3419.0,52.0,,0.9847908745247148,0.08575312514870134,0.9373653405031359,0.9426062593288014,0.5980158465412947,0.0008774495466510676
Deep Ensemble,3,3419.0,94.0,,0.9725065808715999,0.12047883094136692,0.9202069422416989,0.9297513164523848,0.5826000885126439,0.0008774495466510676
Deep Ensemble,4,3419.0,239.0,,0.9300965194501316,0.22764529378151746,0.8942783235649366,0.9151911010672836,0.6160246312742952,0.004972214097689383
Deep Ensemble,5,3419.0,492.0,,0.8560982743492249,0.5213384868462109,0.8724048559377681,0.9043802187269281,0.6821774435721761,0.025153553670663936
Monte Carlo Dropout,0,3419.0,65.0,,0.9809885931558935,0.09592862131935706,0.9337353160608648,0.9395416692192524,0.634127493088062,0.0008774495466510676
Monte Carlo Dropout,1,3419.0,73.0,,0.9786487276981574,0.10339870725501757,0.9296862398559986,0.9362581532673429,0.6284585374675385,0.000584966364434045
Monte Carlo Dropout,2,3419.0,95.0,,0.9722140976893828,0.12054032412670712,0.9208143529713451,0.9293880099083256,0.6208266091974158,0.0014624159110851126
Monte Carlo Dropout,3,3419.0,162.0,,0.9526177244808424,0.18066761509902746,0.9026422118907018,0.9165324382083636,0.6233800691954884,0.0020473822755191578
Monte Carlo Dropout,4,3419.0,309.0,,0.90962269669494,0.3199377783785324,0.8769070520129738,0.9008370990346866,0.6360577114384537,0.00935946183094472
Monte Carlo Dropout,5,3419.0,566.0,,0.8344545188651653,0.6182022298181352,0.8504162514312604,0.8868758975623826,0.666636445049473,0.03188066686165546
SNGP,0,3419.0,62.0,0.39269908169872414,0.9818660427025446,0.06755287247780836,0.9681169472861124,0.9735021256531473,0.6765355960258546,0.0029248318221702253
SNGP,1,3419.0,68.0,0.39269908169872414,0.9801111436092425,0.07528383307470644,0.9649995056997231,0.9708852797693772,0.6749520217672126,0.0035097981866042704
SNGP,2,3419.0,98.0,0.39269908169872414,0.9713366481427318,0.0942948651233988,0.9584870872987089,0.9676344085920325,0.6485049034708785,0.0038022813688212928
SNGP,3,3419.0,178.0,0.39269908169872414,0.94793799356537,0.17402751053295154,0.9415664546100889,0.9566475373558956,0.6669721333788575,0.009066978648727698
SNGP,4,3419.0,347.0,0.39269908169872414,0.8985083357706932,0.3678373506953107,0.9139724475865852,0.9410875969815097,0.673921326718552,0.02427610412401287
SNGP,5,3419.0,623.0,0.39269908169872414,0.8177829774787949,0.69206463286075,0.8808148912350595,0.926095501932333,0.6775972547830896,0.05235448961684703
SNGP + Spectral Reg,0,3419.0,85.0,0.39269908169872414,0.9751389295115531,0.0681232003119363,0.9794963382644456,0.9857929187493567,0.7325222284209901,0.006434630008774495
SNGP + Spectral Reg,1,3419.0,83.0,0.39269908169872414,0.9757238958759872,0.07569613953163731,0.9764354820812644,0.9820518343325105,0.7506987217179257,0.007019596373208541
SNGP + Spectral Reg,2,3419.0,110.0,0.39269908169872414,0.9678268499561276,0.09845509695250554,0.9679777718162568,0.9764647066637592,0.7126753408127504,0.008774495466510676
SNGP + Spectral Reg,3,3419.0,213.0,0.39269908169872414,0.9377010821877741,0.186697108578746,0.9486486715246265,0.9657342671361773,0.6914823826484212,0.01374670956420006
SNGP + Spectral Reg,4,3419.0,448.0,0.39269908169872414,0.8689675343667739,0.40805901529156385,0.9108584231963985,0.9512542132510555,0.6429658065616091,0.02778590231061714
SNGP + Spectral Reg,5,3419.0,741.0,0.39269908169872414,0.7832699619771863,0.7214697335451373,0.8740463900310523,0.9435797561185976,0.622750365223433,0.047967241883591694
SNGP + Muon,0,3419.0,54.0,0.39269908169872414,0.9842059081602808,0.06577095675349506,0.9943396376890158,0.996451135284687,0.8627620560328325,0.008189529102076631
SNGP + Muon,1,3419.0,57.0,0.39269908169872414,0.9833284586136297,0.06971371759058875,0.9934065341237187,0.9954227154387645,0.8744872081380387,0.010236911377595788
SNGP + Muon,2,3419.0,79.0,0.39269908169872414,0.9768938286048552,0.08806252115146108,0.9912177891018834,0.9948939048570649,0.8357971989461219,0.012284293653114946
SNGP + Muon,3,3419.0,125.0,0.39269908169872414,0.9634396022228722,0.1526092641568916,0.9828541136215164,0.9891338284156195,0.8173710693673093,0.017841474115238374
SNGP + Muon,4,3419.0,264.0,0.39269908169872414,0.922784439894706,0.3250765579145064,0.9660572672251022,0.9821084740206589,0.7742331860130501,0.03217315004387248
SNGP + Muon,5,3419.0,512.0,0.39269908169872414,0.8502486107048844,0.6773691481361541,0.9435270003902804,0.9746020593258542,0.7670910700666221,0.06434630008774496
