model,level,bin_left,bin_right,pct_correct,pct_incorrect,pct_total,pct_of_correct,pct_of_incorrect
Baseline Classifier,0,0.125,0.16875,0.0,0.0,0.0,0.0,0.0
Baseline Classifier,0,0.16875,0.2125,0.0,0.0,0.0,0.0,0.0
Baseline Classifier,0,0.2125,0.25625,0.0,0.0,0.0,0.0,0.0
Baseline Classifier,0,0.25625,0.3,0.0,0.0,0.0,0.0,0.0
Baseline Classifier,0,0.3,0.34375,0.0,0.0,0.0,0.0,0.0
Baseline Classifier,0,0.34375,0.38749999999999996,0.0,0.0,0.0,0.0,0.0
Baseline Classifier,0,0.38749999999999996,0.43124999999999997,0.0,0.058496636443404505,0.058496636443404505,0.0,3.125
Baseline Classifier,0,0.43124999999999997,0.475,0.11699327288680901,0.029248318221702253,0.14624159110851126,0.11922503725782414,1.5625
Baseline Classifier,0,0.475,0.51875,0.23398654577361802,0.20473822755191576,0.4387247733255338,0.23845007451564829,10.9375
Baseline Classifier,0,0.51875,0.5625,0.7019596373208541,0.38022813688212925,1.0821877742029833,0.7153502235469449,20.3125
Baseline Classifier,0,0.5625,0.60625,0.6727113190991518,0.20473822755191576,0.8774495466510676,0.6855439642324889,10.9375
Baseline Classifier,0,0.60625,0.6499999999999999,0.7312079555425564,0.20473822755191576,0.9359461830944721,0.7451564828614009,10.9375
Baseline Classifier,0,0.6499999999999999,0.69375,0.7604562737642585,0.20473822755191576,0.9651945013161742,0.7749627421758569,10.9375
Baseline Classifier,0,0.69375,0.7374999999999999,1.1114360924246856,0.20473822755191576,1.3161743199766014,1.1326378539493294,10.9375
Baseline Classifier,0,0.7374999999999999,0.78125,1.7256507750804329,0.08774495466510676,1.8133957297455396,1.758569299552906,4.6875
Baseline Classifier,0,0.78125,0.825,2.6031003217315005,0.08774495466510676,2.6908452763966073,2.6527570789865873,4.6875
Baseline Classifier,0,0.825,0.8687499999999999,3.948522959929804,0.058496636443404505,4.007019596373208,4.023845007451565,3.125
Baseline Classifier,0,0.8687499999999999,0.9125,6.259140099444282,0.058496636443404505,6.317636735887686,6.378539493293592,3.125
Baseline Classifier,0,0.9125,0.9562499999999999,15.413863702837087,0.029248318221702253,15.44311202105879,15.707898658718332,1.5625
Baseline Classifier,0,0.9562499999999999,1.0,63.84907867797602,0.058496636443404505,63.90757531441942,65.06706408345752,3.125
Baseline Classifier,1,0.125,0.16875,0.0,0.0,0.0,0.0,0.0
Baseline Classifier,1,0.16875,0.2125,0.0,0.0,0.0,0.0,0.0
Baseline Classifier,1,0.2125,0.25625,0.0,0.0,0.0,0.0,0.0
Baseline Classifier,1,0.25625,0.3,0.0,0.0,0.0,0.0,0.0
Baseline Classifier,1,0.3,0.34375,0.0,0.0,0.0,0.0,0.0
Baseline Classifier,1,0.34375,0.38749999999999996,0.0,0.0,0.0,0.0,0.0
Baseline Classifier,1,0.38749999999999996,0.43124999999999997,0.0,0.11699327288680901,0.11699327288680901,0.0,5.47945205479452
Baseline Classifier,1,0.43124999999999997,0.475,0.14624159110851126,0.11699327288680901,0.26323486399532026,0.14943215780035865,5.47945205479452
Baseline Classifier,1,0.475,0.51875,0.2924831822170225,0.20473822755191576,0.49722140976893825,0.2988643156007173,9.58904109589041
Baseline Classifier,1,0.51875,0.5625,0.5264697279906405,0.3217315004387248,0.8482012284293653,0.5379557680812911,15.068493150684931
Baseline Classifier,1,0.5625,0.60625,0.6434630008774496,0.3217315004387248,0.9651945013161743,0.657501494321578,15.068493150684931
Baseline Classifier,1,0.60625,0.6499999999999999,0.9651945013161743,0.23398654577361802,1.1991810470897923,0.986252241482367,10.95890410958904
Baseline Classifier,1,0.6499999999999999,0.69375,0.9651945013161743,0.17548990933021352,1.1406844106463878,0.986252241482367,8.219178082191782
Baseline Classifier,1,0.69375,0.7374999999999999,1.374670956420006,0.17548990933021352,1.5501608657502195,1.4046622833233713,8.219178082191782
Baseline Classifier,1,0.7374999999999999,0.78125,1.7841474115238374,0.08774495466510676,1.8718923661889442,1.8230723251643755,4.109589041095891
Baseline Classifier,1,0.78125,0.825,2.778590231061714,0.14624159110851126,2.9248318221702254,2.839210998206814,6.8493150684931505
Baseline Classifier,1,0.825,0.8687499999999999,3.7730330505995906,0.11699327288680901,3.8900263234863997,3.855349671249253,5.47945205479452
Baseline Classifier,1,0.8687499999999999,0.9125,7.282831237203861,0.058496636443404505,7.341327873647265,7.44172145845786,2.73972602739726
Baseline Classifier,1,0.9125,0.9562499999999999,15.355367066393683,0.029248318221702253,15.384615384615385,15.690376569037657,1.36986301369863
Baseline Classifier,1,0.9562499999999999,1.0,61.97718631178707,0.029248318221702253,62.006434630008776,63.32934847579199,1.36986301369863
Baseline Classifier,2,0.125,0.16875,0.0,0.0,0.0,0.0,0.0
Baseline Classifier,2,0.16875,0.2125,0.0,0.0,0.0,0.0,0.0
Baseline Classifier,2,0.2125,0.25625,0.0,0.0,0.0,0.0,0.0
Baseline Classifier,2,0.25625,0.3,0.0,0.0,0.0,0.0,0.0
Baseline Classifier,2,0.3,0.34375,0.0,0.0,0.0,0.0,0.0
Baseline Classifier,2,0.34375,0.38749999999999996,0.0,0.0,0.0,0.0,0.0
Baseline Classifier,2,0.38749999999999996,0.43124999999999997,0.08774495466510676,0.11699327288680901,0.20473822755191579,0.09027986758952754,4.166666666666667
Baseline Classifier,2,0.43124999999999997,0.475,0.11699327288680901,0.20473822755191576,0.3217315004387248,0.12037315678603672,7.291666666666667
Baseline Classifier,2,0.475,0.51875,0.46797309154723604,0.4387247733255338,0.9066978648727698,0.48149262714414687,15.625
Baseline Classifier,2,0.51875,0.5625,0.818952910207663,0.35097981866042705,1.16993272886809,0.842612097502257,12.5
Baseline Classifier,2,0.5625,0.60625,1.0236911377595788,0.38022813688212925,1.403919274641708,1.0532651218778213,13.541666666666666
Baseline Classifier,2,0.60625,0.6499999999999999,0.818952910207663,0.35097981866042705,1.16993272886809,0.842612097502257,12.5
Baseline Classifier,2,0.6499999999999999,0.69375,0.9944428195378766,0.17548990933021352,1.16993272886809,1.0231718326813122,6.25
Baseline Classifier,2,0.69375,0.7374999999999999,1.520912547528517,0.17548990933021352,1.6964024568587306,1.5648510382184773,6.25
Baseline Classifier,2,0.7374999999999999,0.78125,1.7256507750804329,0.14624159110851126,1.8718923661889442,1.7755040625940415,5.208333333333333
Baseline Classifier,2,0.78125,0.825,3.158818367943843,0.11699327288680901,3.275811640830652,3.2500752332229914,4.166666666666667
Baseline Classifier,2,0.825,0.8687499999999999,4.533489324363849,0.058496636443404505,4.5919859608072535,4.6644598254589225,2.0833333333333335
Baseline Classifier,2,0.8687499999999999,0.9125,7.897045919859608,0.17548990933021352,8.072535829189821,8.125188083057479,6.25
Baseline Classifier,2,0.9125,0.9562499999999999,15.472360339280492,0.058496636443404505,15.530856975723896,15.919349984953355,2.0833333333333335
Baseline Classifier,2,0.9562499999999999,1.0,58.555133079847906,0.058496636443404505,58.61362971629131,60.24676497141137,2.0833333333333335
Baseline Classifier,3,0.125,0.16875,0.0,0.0,0.0,0.0,0.0
Baseline Classifier,3,0.16875,0.2125,0.0,0.0,0.0,0.0,0.0
Baseline Classifier,3,0.2125,0.25625,0.029248318221702253,0.0,0.029248318221702253,0.030712530712530713,0.0
Baseline Classifier,3,0.25625,0.3,0.0,0.058496636443404505,0.058496636443404505,0.0,1.2269938650306749
Baseline Classifier,3,0.3,0.34375,0.08774495466510676,0.058496636443404505,0.14624159110851126,0.09213759213759214,1.2269938650306749
Baseline Classifier,3,0.34375,0.38749999999999996,0.08774495466510676,0.08774495466510676,0.17548990933021352,0.09213759213759214,1.8404907975460123
Baseline Classifier,3,0.38749999999999996,0.43124999999999997,0.26323486399532026,0.35097981866042705,0.6142146826557473,0.2764127764127764,7.361963190184049
Baseline Classifier,3,0.43124999999999997,0.475,0.20473822755191576,0.20473822755191576,0.4094764551038315,0.214987714987715,4.294478527607362
Baseline Classifier,3,0.475,0.51875,0.4972214097689383,0.35097981866042705,0.8482012284293654,0.5221130221130221,7.361963190184049
Baseline Classifier,3,0.51875,0.5625,0.7897045919859608,0.8482012284293653,1.637905820415326,0.8292383292383292,17.791411042944784
Baseline Classifier,3,0.5625,0.60625,0.9651945013161743,0.46797309154723604,1.4331675928634104,1.0135135135135136,9.815950920245399
Baseline Classifier,3,0.60625,0.6499999999999999,1.4039192746417082,0.4094764551038315,1.8133957297455396,1.4742014742014742,8.588957055214724
Baseline Classifier,3,0.6499999999999999,0.69375,1.2284293653114946,0.38022813688212925,1.6086575021936238,1.28992628992629,7.975460122699387
Baseline Classifier,3,0.69375,0.7374999999999999,2.193623866627669,0.4094764551038315,2.6031003217315005,2.3034398034398036,8.588957055214724
Baseline Classifier,3,0.7374999999999999,0.78125,2.4861070488446915,0.38022813688212925,2.866335185726821,2.6105651105651106,7.975460122699387
Baseline Classifier,3,0.78125,0.825,3.5097981866042702,0.11699327288680901,3.6267914594910793,3.6855036855036856,2.4539877300613497
Baseline Classifier,3,0.825,0.8687499999999999,5.235448961684703,0.20473822755191576,5.440187189236619,5.497542997542998,4.294478527607362
Baseline Classifier,3,0.8687499999999999,0.9125,7.66305937408599,0.23398654577361802,7.897045919859608,8.046683046683047,4.9079754601226995
Baseline Classifier,3,0.9125,0.9562499999999999,15.618601930389003,0.11699327288680901,15.735595203275812,16.4004914004914,2.4539877300613497
Baseline Classifier,3,0.9562499999999999,1.0,52.968704299502775,0.08774495466510676,53.05644925416788,55.62039312039312,1.8404907975460123
Baseline Classifier,4,0.125,0.16875,0.0,0.0,0.0,0.0,0.0
Baseline Classifier,4,0.16875,0.2125,0.0,0.0,0.0,0.0,0.0
Baseline Classifier,4,0.2125,0.25625,0.0,0.0,0.0,0.0,0.0
Baseline Classifier,4,0.25625,0.3,0.0,0.08774495466510676,0.08774495466510676,0.0,0.970873786407767
Baseline Classifier,4,0.3,0.34375,0.058496636443404505,0.17548990933021352,0.23398654577361802,0.06430868167202572,1.941747572815534
Baseline Classifier,4,0.34375,0.38749999999999996,0.17548990933021352,0.26323486399532026,0.4387247733255338,0.19292604501607716,2.912621359223301
Baseline Classifier,4,0.38749999999999996,0.43124999999999997,0.26323486399532026,0.4972214097689383,0.7604562737642586,0.28938906752411575,5.501618122977346
Baseline Classifier,4,0.43124999999999997,0.475,0.6434630008774496,0.6434630008774496,1.2869260017548991,0.707395498392283,7.119741100323624
Baseline Classifier,4,0.475,0.51875,0.8482012284293653,0.9651945013161743,1.8133957297455396,0.932475884244373,10.679611650485437
Baseline Classifier,4,0.51875,0.5625,0.8774495466510676,0.9944428195378766,1.8718923661889442,0.9646302250803859,11.003236245954692
Baseline Classifier,4,0.5625,0.60625,1.3161743199766014,0.818952910207663,2.1351272301842643,1.4469453376205788,9.06148867313916
Baseline Classifier,4,0.60625,0.6499999999999999,2.222872184849371,0.7897045919859608,3.0125767768353318,2.4437299035369775,8.737864077669903
Baseline Classifier,4,0.6499999999999999,0.69375,1.7256507750804329,0.4972214097689383,2.222872184849371,1.8971061093247588,5.501618122977346
Baseline Classifier,4,0.69375,0.7374999999999999,2.222872184849371,0.6727113190991518,2.895583503948523,2.4437299035369775,7.44336569579288
Baseline Classifier,4,0.7374999999999999,0.78125,2.9248318221702254,0.38022813688212925,3.305059959052355,3.215434083601286,4.207119741100324
Baseline Classifier,4,0.78125,0.825,3.9777712781515064,0.5264697279906405,4.504241006142147,4.372990353697749,5.825242718446602
Baseline Classifier,4,0.825,0.8687499999999999,5.118455688797894,0.4094764551038315,5.527932143901726,5.627009646302251,4.53074433656958
Baseline Classifier,4,0.8687499999999999,0.9125,7.224334600760456,0.4972214097689383,7.721556010529395,7.942122186495177,5.501618122977346
Baseline Classifier,4,0.9125,0.9562499999999999,14.360924246855806,0.4387247733255338,14.79964902018134,15.787781350482316,4.854368932038835
Baseline Classifier,4,0.9562499999999999,1.0,47.00204738227552,0.38022813688212925,47.38227551915765,51.67202572347267,4.207119741100324
Baseline Classifier,5,0.125,0.16875,0.0,0.0,0.0,0.0,0.0
Baseline Classifier,5,0.16875,0.2125,0.0,0.0,0.0,0.0,0.0
Baseline Classifier,5,0.2125,0.25625,0.0,0.11699327288680901,0.11699327288680901,0.0,0.7092198581560284
Baseline Classifier,5,0.25625,0.3,0.0,0.14624159110851126,0.14624159110851126,0.0,0.8865248226950354
Baseline Classifier,5,0.3,0.34375,0.17548990933021352,0.38022813688212925,0.5557180462123428,0.21015761821366025,2.3049645390070923
Baseline Classifier,5,0.34375,0.38749999999999996,0.26323486399532026,0.46797309154723604,0.7312079555425564,0.31523642732049034,2.8368794326241136
Baseline Classifier,5,0.38749999999999996,0.43124999999999997,0.3217315004387248,0.818952910207663,1.1406844106463878,0.38528896672504376,4.964539007092198
Baseline Classifier,5,0.43124999999999997,0.475,1.1406844106463878,0.9651945013161743,2.105878911962562,1.3660245183887916,5.851063829787234
Baseline Classifier,5,0.475,0.51875,1.052939455981281,1.5794091839719215,2.632348639953203,1.2609457092819614,9.574468085106384
Baseline Classifier,5,0.51875,0.5625,1.5794091839719215,1.4916642293068147,3.0710734132787363,1.8914185639229422,9.042553191489361
Baseline Classifier,5,0.5625,0.60625,1.2576776835331969,1.3454226381983037,2.6031003217315005,1.5061295971978985,8.156028368794326
Baseline Classifier,5,0.60625,0.6499999999999999,1.6964024568587306,0.9944428195378766,2.6908452763966073,2.031523642732049,6.028368794326241
Baseline Classifier,5,0.6499999999999999,0.69375,2.310617139514478,0.9944428195378766,3.3050599590523544,2.76707530647986,6.028368794326241
Baseline Classifier,5,0.69375,0.7374999999999999,2.456858730622989,0.818952910207663,3.275811640830652,2.9422066549912436,4.964539007092198
Baseline Classifier,5,0.7374999999999999,0.78125,2.6908452763966073,0.8482012284293653,3.5390465048259725,3.222416812609457,5.141843971631205
Baseline Classifier,5,0.78125,0.825,3.3050599590523544,0.818952910207663,4.124012869260017,3.957968476357268,4.964539007092198
Baseline Classifier,5,0.825,0.8687499999999999,5.32319391634981,0.7897045919859608,6.112898508335771,6.3747810858143605,4.787234042553192
Baseline Classifier,5,0.8687499999999999,0.9125,6.639368236326411,0.818952910207663,7.458321146534074,7.950963222416813,4.964539007092198
Baseline Classifier,5,0.9125,0.9562499999999999,12.840011699327288,1.2869260017548991,14.126937701082188,15.376532399299474,7.801418439716312
Baseline Classifier,5,0.9562499999999999,1.0,40.450424100614214,1.8133957297455396,42.26381983035975,48.44133099824869,10.99290780141844
Deep Ensemble,0,0.125,0.16875,0.0,0.0,0.0,0.0,0.0
Deep Ensemble,0,0.16875,0.2125,0.0,0.0,0.0,0.0,0.0
Deep Ensemble,0,0.2125,0.25625,0.0,0.0,0.0,0.0,0.0
Deep Ensemble,0,0.25625,0.3,0.0,0.0,0.0,0.0,0.0
Deep Ensemble,0,0.3,0.34375,0.0,0.0,0.0,0.0,0.0
Deep Ensemble,0,0.34375,0.38749999999999996,0.0,0.0,0.0,0.0,0.0
Deep Ensemble,0,0.38749999999999996,0.43124999999999997,0.058496636443404505,0.08774495466510676,0.14624159110851126,0.059154096421177166,7.894736842105263
Deep Ensemble,0,0.43124999999999997,0.475,0.058496636443404505,0.058496636443404505,0.11699327288680901,0.059154096421177166,5.2631578947368425
Deep Ensemble,0,0.475,0.51875,0.20473822755191576,0.14624159110851126,0.35097981866042705,0.2070393374741201,13.157894736842104
Deep Ensemble,0,0.51875,0.5625,0.2924831822170225,0.17548990933021352,0.46797309154723604,0.29577048210588586,15.789473684210526
Deep Ensemble,0,0.5625,0.60625,0.584966364434045,0.20473822755191576,0.7897045919859608,0.5915409642117717,18.42105263157895
Deep Ensemble,0,0.60625,0.6499999999999999,0.818952910207663,0.058496636443404505,0.8774495466510676,0.8281573498964804,5.2631578947368425
Deep Ensemble,0,0.6499999999999999,0.69375,0.7312079555425564,0.11699327288680901,0.8482012284293654,0.7394262052647146,10.526315789473685
Deep Ensemble,0,0.69375,0.7374999999999999,0.8774495466510676,0.058496636443404505,0.9359461830944721,0.8873114463176575,5.2631578947368425
Deep Ensemble,0,0.7374999999999999,0.78125,1.4624159110851127,0.029248318221702253,1.491664229306815,1.4788524105294292,2.6315789473684212
Deep Ensemble,0,0.78125,0.825,1.9011406844106464,0.08774495466510676,1.9888856390757532,1.922508133688258,7.894736842105263
Deep Ensemble,0,0.825,0.8687499999999999,2.778590231061714,0.0,2.778590231061714,2.8098195800059154,0.0
Deep Ensemble,0,0.8687499999999999,0.9125,4.796724188359169,0.0,4.796724188359169,4.850635906536528,0.0
Deep Ensemble,0,0.9125,0.9562499999999999,11.81632056156771,0.058496636443404505,11.874817198011115,11.949127477077788,5.2631578947368425
Deep Ensemble,0,0.9562499999999999,1.0,72.50658087159988,0.029248318221702253,72.53582918982158,73.3215025140491,2.6315789473684212
Deep Ensemble,1,0.125,0.16875,0.0,0.0,0.0,0.0,0.0
Deep Ensemble,1,0.16875,0.2125,0.0,0.0,0.0,0.0,0.0
Deep Ensemble,1,0.2125,0.25625,0.0,0.0,0.0,0.0,0.0
Deep Ensemble,1,0.25625,0.3,0.0,0.0,0.0,0.0,0.0
Deep Ensemble,1,0.3,0.34375,0.0,0.0,0.0,0.0,0.0
Deep Ensemble,1,0.34375,0.38749999999999996,0.0,0.029248318221702253,0.029248318221702253,0.0,2.5
Deep Ensemble,1,0.38749999999999996,0.43124999999999997,0.058496636443404505,0.058496636443404505,0.11699327288680901,0.05918910920390648,5.0
Deep Ensemble,1,0.43124999999999997,0.475,0.029248318221702253,0.0,0.029248318221702253,0.02959455460195324,0.0
Deep Ensemble,1,0.475,0.51875,0.3217315004387248,0.23398654577361802,0.5557180462123428,0.32554010062148564,20.0
Deep Ensemble,1,0.51875,0.5625,0.38022813688212925,0.23398654577361802,0.6142146826557473,0.3847292098253921,20.0
Deep Ensemble,1,0.5625,0.60625,0.6727113190991518,0.11699327288680901,0.7897045919859609,0.6806747558449245,10.0
Deep Ensemble,1,0.60625,0.6499999999999999,0.7897045919859608,0.14624159110851126,0.935946183094472,0.7990529742527375,12.5
Deep Ensemble,1,0.6499999999999999,0.69375,0.7019596373208541,0.058496636443404505,0.7604562737642586,0.7102693104468778,5.0
Deep Ensemble,1,0.69375,0.7374999999999999,1.052939455981281,0.11699327288680901,1.16993272886809,1.0654039656703167,10.0
Deep Ensemble,1,0.7374999999999999,0.78125,1.7548990933021351,0.029248318221702253,1.7841474115238374,1.7756732761171945,2.5
Deep Ensemble,1,0.78125,0.825,2.07663059374086,0.0,2.07663059374086,2.1012133767386802,0.0
Deep Ensemble,1,0.825,0.8687499999999999,2.866335185726821,0.029248318221702253,2.895583503948523,2.9002663509914175,2.5
Deep Ensemble,1,0.8687499999999999,0.9125,5.32319391634981,0.058496636443404505,5.381690552793215,5.38620893755549,5.0
Deep Ensemble,1,0.9125,0.9562499999999999,13.161743199766013,0.029248318221702253,13.190991517987715,13.317549570878958,2.5
Deep Ensemble,1,0.9562499999999999,1.0,69.64024568587307,0.029248318221702253,69.66949400409477,70.46463450725066,2.5
Deep Ensemble,2,0.125,0.16875,0.0,0.0,0.0,0.0,0.0
Deep Ensemble,2,0.16875,0.2125,0.0,0.0,0.0,0.0,0.0
Deep Ensemble,2,0.2125,0.25625,0.0,0.0,0.0,0.0,0.0
Deep Ensemble,2,0.25625,0.3,0.0,0.0,0.0,0.0,0.0
Deep Ensemble,2,0.3,0.34375,0.0,0.0,0.0,0.0,0.0
Deep Ensemble,2,0.34375,0.38749999999999996,0.029248318221702253,0.029248318221702253,0.058496636443404505,0.0297000297000297,1.9230769230769231
Deep Ensemble,2,0.38749999999999996,0.43124999999999997,0.11699327288680901,0.058496636443404505,0.17548990933021352,0.1188001188001188,3.8461538461538463
Deep Ensemble,2,0.43124999999999997,0.475,0.0,0.08774495466510676,0.08774495466510676,0.0,5.769230769230769
Deep Ensemble,2,0.475,0.51875,0.3217315004387248,0.3217315004387248,0.6434630008774496,0.3267003267003267,21.153846153846153
Deep Ensemble,2,0.51875,0.5625,0.5557180462123428,0.2924831822170225,0.8482012284293653,0.5643005643005643,19.23076923076923
Deep Ensemble,2,0.5625,0.60625,0.7312079555425564,0.26323486399532026,0.9944428195378766,0.7425007425007425,17.307692307692307
Deep Ensemble,2,0.60625,0.6499999999999999,0.9066978648727698,0.0,0.9066978648727698,0.9207009207009207,0.0
Deep Ensemble,2,0.6499999999999999,0.69375,0.9066978648727698,0.11699327288680901,1.0236911377595788,0.9207009207009207,7.6923076923076925
Deep Ensemble,2,0.69375,0.7374999999999999,1.4331675928634104,0.14624159110851126,1.5794091839719218,1.4553014553014554,9.615384615384615
Deep Ensemble,2,0.7374999999999999,0.78125,1.8718923661889442,0.029248318221702253,1.9011406844106464,1.9008019008019008,1.9230769230769231
Deep Ensemble,2,0.78125,0.825,1.959637320854051,0.058496636443404505,2.0181339572974553,1.9899019899019899,3.8461538461538463
Deep Ensemble,2,0.825,0.8687499999999999,3.275811640830652,0.0,3.275811640830652,3.3264033264033266,0.0
Deep Ensemble,2,0.8687499999999999,0.9125,6.288388417665984,0.058496636443404505,6.346885054109388,6.385506385506385,3.8461538461538463
Deep Ensemble,2,0.9125,0.9562499999999999,14.565662474407722,0.029248318221702253,14.594910792629424,14.790614790614791,1.9230769230769231
Deep Ensemble,2,0.9562499999999999,1.0,65.51623281661304,0.029248318221702253,65.54548113483474,66.52806652806653,1.9230769230769231
Deep Ensemble,3,0.125,0.16875,0.0,0.0,0.0,0.0,0.0
Deep Ensemble,3,0.16875,0.2125,0.0,0.0,0.0,0.0,0.0
Deep Ensemble,3,0.2125,0.25625,0.0,0.0,0.0,0.0,0.0
Deep Ensemble,3,0.25625,0.3,0.0,0.029248318221702253,0.029248318221702253,0.0,1.0638297872340425
Deep Ensemble,3,0.3,0.34375,0.0,0.029248318221702253,0.029248318221702253,0.0,1.0638297872340425
Deep Ensemble,3,0.34375,0.38749999999999996,0.029248318221702253,0.11699327288680901,0.14624159110851126,0.03007518796992481,4.25531914893617
Deep Ensemble,3,0.38749999999999996,0.43124999999999997,0.26323486399532026,0.11699327288680901,0.38022813688212925,0.2706766917293233,4.25531914893617
Deep Ensemble,3,0.43124999999999997,0.475,0.14624159110851126,0.08774495466510676,0.23398654577361802,0.15037593984962405,3.1914893617021276
Deep Ensemble,3,0.475,0.51875,0.5557180462123428,0.6434630008774496,1.1991810470897923,0.5714285714285714,23.404255319148938
Deep Ensemble,3,0.51875,0.5625,0.818952910207663,0.4094764551038315,1.2284293653114946,0.8421052631578947,14.893617021276595
Deep Ensemble,3,0.5625,0.60625,1.0821877742029833,0.4387247733255338,1.520912547528517,1.112781954887218,15.957446808510639
Deep Ensemble,3,0.60625,0.6499999999999999,1.4331675928634104,0.11699327288680901,1.5501608657502195,1.4736842105263157,4.25531914893617
Deep Ensemble,3,0.6499999999999999,0.69375,1.0821877742029833,0.14624159110851126,1.2284293653114946,1.112781954887218,5.319148936170213
Deep Ensemble,3,0.69375,0.7374999999999999,1.16993272886809,0.26323486399532026,1.4331675928634104,1.2030075187969924,9.574468085106384
Deep Ensemble,3,0.7374999999999999,0.78125,2.105878911962562,0.058496636443404505,2.1643755484059666,2.1654135338345863,2.127659574468085
Deep Ensemble,3,0.78125,0.825,3.0710734132787363,0.08774495466510676,3.158818367943843,3.1578947368421053,3.1914893617021276
Deep Ensemble,3,0.825,0.8687499999999999,4.41649605147704,0.058496636443404505,4.4749926879204445,4.541353383458647,2.127659574468085
Deep Ensemble,3,0.8687499999999999,0.9125,7.078093009651945,0.058496636443404505,7.1365896460953495,7.2781954887218046,2.127659574468085
Deep Ensemble,3,0.9125,0.9562499999999999,14.126937701082188,0.058496636443404505,14.185434337525592,14.526315789473685,2.127659574468085
Deep Ensemble,3,0.9562499999999999,1.0,59.87130739982451,0.029248318221702253,59.90055571804621,61.56390977443609,1.0638297872340425
Deep Ensemble,4,0.125,0.16875,0.0,0.0,0.0,0.0,0.0
Deep Ensemble,4,0.16875,0.2125,0.029248318221702253,0.0,0.029248318221702253,0.031446540880503145,0.0
Deep Ensemble,4,0.2125,0.25625,0.0,0.029248318221702253,0.029248318221702253,0.0,0.41841004184100417
Deep Ensemble,4,0.25625,0.3,0.029248318221702253,0.058496636443404505,0.08774495466510676,0.031446540880503145,0.8368200836820083
Deep Ensemble,4,0.3,0.34375,0.08774495466510676,0.11699327288680901,0.20473822755191579,0.09433962264150944,1.6736401673640167
Deep Ensemble,4,0.34375,0.38749999999999996,0.23398654577361802,0.17548990933021352,0.40947645510383157,0.25157232704402516,2.510460251046025
Deep Ensemble,4,0.38749999999999996,0.43124999999999997,0.26323486399532026,0.4387247733255338,0.7019596373208541,0.2830188679245283,6.2761506276150625
Deep Ensemble,4,0.43124999999999997,0.475,0.4972214097689383,0.46797309154723604,0.9651945013161743,0.5345911949685535,6.694560669456067
Deep Ensemble,4,0.475,0.51875,0.7897045919859608,0.7604562737642585,1.5501608657502193,0.8490566037735849,10.878661087866108
Deep Ensemble,4,0.51875,0.5625,1.1991810470897923,1.052939455981281,2.2521205030710734,1.2893081761006289,15.06276150627615
Deep Ensemble,4,0.5625,0.60625,1.3161743199766014,0.7019596373208541,2.0181339572974553,1.4150943396226414,10.0418410041841
Deep Ensemble,4,0.60625,0.6499999999999999,1.3454226381983037,0.584966364434045,1.9303890026323487,1.4465408805031446,8.368200836820083
Deep Ensemble,4,0.6499999999999999,0.69375,1.4039192746417082,0.584966364434045,1.9888856390757532,1.509433962264151,8.368200836820083
Deep Ensemble,4,0.69375,0.7374999999999999,1.7841474115238374,0.35097981866042705,2.1351272301842643,1.9182389937106918,5.02092050209205
Deep Ensemble,4,0.7374999999999999,0.78125,2.2813688212927756,0.3217315004387248,2.6031003217315005,2.452830188679245,4.602510460251046
Deep Ensemble,4,0.78125,0.825,3.0710734132787363,0.26323486399532026,3.3343082772740567,3.30188679245283,3.7656903765690375
Deep Ensemble,4,0.825,0.8687499999999999,4.504241006142147,0.38022813688212925,4.884469143024276,4.8427672955974845,5.439330543933054
Deep Ensemble,4,0.8687499999999999,0.9125,7.6923076923076925,0.35097981866042705,8.043287510968119,8.270440251572326,5.02092050209205
Deep Ensemble,4,0.9125,0.9562499999999999,13.015501608657502,0.20473822755191576,13.220239836209418,13.9937106918239,2.928870292887029
Deep Ensemble,4,0.9562499999999999,1.0,53.465925709271716,0.14624159110851126,53.61216730038023,57.484276729559745,2.092050209205021
Deep Ensemble,5,0.125,0.16875,0.0,0.0,0.0,0.0,0.0
Deep Ensemble,5,0.16875,0.2125,0.0,0.0,0.0,0.0,0.0
Deep Ensemble,5,0.2125,0.25625,0.0,0.0,0.0,0.0,0.0
Deep Ensemble,5,0.25625,0.3,0.058496636443404505,0.08774495466510676,0.14624159110851126,0.0683293474547318,0.6097560975609756
Deep Ensemble,5,0.3,0.34375,0.08774495466510676,0.11699327288680901,0.20473822755191579,0.10249402118209772,0.8130081300813008
Deep Ensemble,5,0.34375,0.38749999999999996,0.17548990933021352,0.6142146826557473,0.7897045919859609,0.20498804236419543,4.2682926829268295
Deep Ensemble,5,0.38749999999999996,0.43124999999999997,0.4972214097689383,0.7312079555425564,1.2284293653114946,0.5807994533652203,5.08130081300813
Deep Ensemble,5,0.43124999999999997,0.475,0.4094764551038315,0.818952910207663,1.2284293653114946,0.47830543218312266,5.691056910569106
Deep Ensemble,5,0.475,0.51875,1.1114360924246856,1.1114360924246856,2.222872184849371,1.2982576016399043,7.723577235772358
Deep Ensemble,5,0.51875,0.5625,1.1114360924246856,1.0236911377595788,2.1351272301842643,1.2982576016399043,7.1138211382113825
Deep Ensemble,5,0.5625,0.60625,1.2576776835331969,1.3454226381983037,2.6031003217315005,1.4690809702767338,9.34959349593496
Deep Ensemble,5,0.60625,0.6499999999999999,1.7841474115238374,0.9944428195378766,2.778590231061714,2.0840450973693203,6.9105691056910565
Deep Ensemble,5,0.6499999999999999,0.69375,1.842644047967242,0.7312079555425564,2.5738520035097983,2.152374444824052,5.08130081300813
Deep Ensemble,5,0.69375,0.7374999999999999,1.9888856390757532,0.7604562737642585,2.749341912840012,2.3231978134608813,5.284552845528455
Deep Ensemble,5,0.7374999999999999,0.78125,2.310617139514478,0.8774495466510676,3.1880666861655453,2.6990092244619066,6.097560975609756
Deep Ensemble,5,0.78125,0.825,3.1880666861655453,0.9359461830944721,4.124012869260017,3.7239494362828833,6.504065040650406
Deep Ensemble,5,0.825,0.8687499999999999,4.41649605147704,0.9651945013161743,5.381690552793215,5.158865732832251,6.7073170731707314
Deep Ensemble,5,0.8687499999999999,0.9125,6.610119918104709,1.052939455981281,7.663059374085989,7.7212162623846945,7.317073170731708
Deep Ensemble,5,0.9125,0.9562499999999999,12.284293653114945,1.0821877742029833,13.366481427317929,14.34916296549368,7.520325203252033
Deep Ensemble,5,0.9562499999999999,1.0,46.475577654284876,1.1406844106463878,47.61626206493126,54.28766655278442,7.926829268292683
Monte Carlo Dropout,0,0.125,0.16875,0.0,0.0,0.0,0.0,0.0
Monte Carlo Dropout,0,0.16875,0.2125,0.0,0.0,0.0,0.0,0.0
Monte Carlo Dropout,0,0.2125,0.25625,0.0,0.0,0.0,0.0,0.0
Monte Carlo Dropout,0,0.25625,0.3,0.0,0.0,0.0,0.0,0.0
Monte Carlo Dropout,0,0.3,0.34375,0.0,0.0,0.0,0.0,0.0
Monte Carlo Dropout,0,0.34375,0.38749999999999996,0.0,0.0,0.0,0.0,0.0
Monte Carlo Dropout,0,0.38749999999999996,0.43124999999999997,0.0,0.058496636443404505,0.058496636443404505,0.0,3.076923076923077
Monte Carlo Dropout,0,0.43124999999999997,0.475,0.11699327288680901,0.058496636443404505,0.17548990933021352,0.11926058437686345,3.076923076923077
Monte Carlo Dropout,0,0.475,0.51875,0.20473822755191576,0.20473822755191576,0.4094764551038315,0.20870602265951102,10.76923076923077
Monte Carlo Dropout,0,0.51875,0.5625,0.6142146826557473,0.3217315004387248,0.9359461830944721,0.6261180679785331,16.923076923076923
Monte Carlo Dropout,0,0.5625,0.60625,0.9359461830944721,0.26323486399532026,1.1991810470897923,0.9540846750149076,13.846153846153847
Monte Carlo Dropout,0,0.60625,0.6499999999999999,0.6142146826557473,0.23398654577361802,0.8482012284293653,0.6261180679785331,12.307692307692308
Monte Carlo Dropout,0,0.6499999999999999,0.69375,0.7019596373208541,0.20473822755191576,0.9066978648727698,0.7155635062611807,10.76923076923077
Monte Carlo Dropout,0,0.69375,0.7374999999999999,1.2869260017548991,0.17548990933021352,1.4624159110851127,1.311866428145498,9.23076923076923
Monte Carlo Dropout,0,0.7374999999999999,0.78125,1.637905820415326,0.08774495466510676,1.7256507750804329,1.6696481812760882,4.615384615384615
Monte Carlo Dropout,0,0.78125,0.825,2.632348639953203,0.08774495466510676,2.7200935946183096,2.6833631484794274,4.615384615384615
Monte Carlo Dropout,0,0.825,0.8687499999999999,4.124012869260017,0.058496636443404505,4.182509505703422,4.203935599284437,3.076923076923077
Monte Carlo Dropout,0,0.8687499999999999,0.9125,6.4931266452179,0.058496636443404505,6.551623281661304,6.618962432915922,3.076923076923077
Monte Carlo Dropout,0,0.9125,0.9562499999999999,16.11582334015794,0.029248318221702253,16.145071658379642,16.42814549791294,1.5384615384615385
Monte Carlo Dropout,0,0.9562499999999999,1.0,62.62064931266452,0.058496636443404505,62.67914594910792,63.83422778771616,3.076923076923077
Monte Carlo Dropout,1,0.125,0.16875,0.0,0.0,0.0,0.0,0.0
Monte Carlo Dropout,1,0.16875,0.2125,0.0,0.0,0.0,0.0,0.0
Monte Carlo Dropout,1,0.2125,0.25625,0.0,0.0,0.0,0.0,0.0
Monte Carlo Dropout,1,0.25625,0.3,0.0,0.0,0.0,0.0,0.0
Monte Carlo Dropout,1,0.3,0.34375,0.0,0.0,0.0,0.0,0.0
Monte Carlo Dropout,1,0.34375,0.38749999999999996,0.0,0.029248318221702253,0.029248318221702253,0.0,1.36986301369863
Monte Carlo Dropout,1,0.38749999999999996,0.43124999999999997,0.0,0.058496636443404505,0.058496636443404505,0.0,2.73972602739726
Monte Carlo Dropout,1,0.43124999999999997,0.475,0.08774495466510676,0.14624159110851126,0.23398654577361802,0.08965929468021518,6.8493150684931505
Monte Carlo Dropout,1,0.475,0.51875,0.35097981866042705,0.20473822755191576,0.5557180462123428,0.3586371787208607,9.58904109589041
Monte Carlo Dropout,1,0.51875,0.5625,0.584966364434045,0.38022813688212925,0.9651945013161742,0.5977286312014346,17.80821917808219
Monte Carlo Dropout,1,0.5625,0.60625,0.6434630008774496,0.26323486399532026,0.9066978648727698,0.657501494321578,12.32876712328767
Monte Carlo Dropout,1,0.60625,0.6499999999999999,0.9066978648727698,0.23398654577361802,1.1406844106463878,0.9264793783622236,10.95890410958904
Monte Carlo Dropout,1,0.6499999999999999,0.69375,1.0821877742029833,0.20473822755191576,1.2869260017548991,1.105797967722654,9.58904109589041
Monte Carlo Dropout,1,0.69375,0.7374999999999999,1.374670956420006,0.17548990933021352,1.5501608657502195,1.4046622833233713,8.219178082191782
Monte Carlo Dropout,1,0.7374999999999999,0.78125,1.8718923661889442,0.029248318221702253,1.9011406844106464,1.9127316198445905,1.36986301369863
Monte Carlo Dropout,1,0.78125,0.825,2.895583503948523,0.17548990933021352,3.0710734132787367,2.958756724447101,8.219178082191782
Monte Carlo Dropout,1,0.825,0.8687499999999999,3.7437847323778883,0.11699327288680901,3.8607780052646974,3.825463239689181,5.47945205479452
Monte Carlo Dropout,1,0.8687499999999999,0.9125,7.370576191868968,0.058496636443404505,7.429072828312372,7.531380753138075,2.73972602739726
Monte Carlo Dropout,1,0.9125,0.9562499999999999,15.998830067271133,0.029248318221702253,16.028078385492833,16.347878063359236,1.36986301369863
Monte Carlo Dropout,1,0.9562499999999999,1.0,60.953495174027495,0.029248318221702253,60.9827434922492,62.28332337118948,1.36986301369863
Monte Carlo Dropout,2,0.125,0.16875,0.0,0.0,0.0,0.0,0.0
Monte Carlo Dropout,2,0.16875,0.2125,0.0,0.0,0.0,0.0,0.0
Monte Carlo Dropout,2,0.2125,0.25625,0.0,0.0,0.0,0.0,0.0
Monte Carlo Dropout,2,0.25625,0.3,0.0,0.0,0.0,0.0,0.0
Monte Carlo Dropout,2,0.3,0.34375,0.0,0.0,0.0,0.0,0.0
Monte Carlo Dropout,2,0.34375,0.38749999999999996,0.029248318221702253,0.0,0.029248318221702253,0.030084235860409144,0.0
Monte Carlo Dropout,2,0.38749999999999996,0.43124999999999997,0.058496636443404505,0.17548990933021352,0.23398654577361802,0.06016847172081829,6.315789473684211
Monte Carlo Dropout,2,0.43124999999999997,0.475,0.11699327288680901,0.14624159110851126,0.26323486399532026,0.12033694344163658,5.2631578947368425
Monte Carlo Dropout,2,0.475,0.51875,0.6142146826557473,0.38022813688212925,0.9944428195378765,0.631768953068592,13.68421052631579
Monte Carlo Dropout,2,0.51875,0.5625,0.7312079555425564,0.4972214097689383,1.2284293653114946,0.7521058965102286,17.894736842105264
Monte Carlo Dropout,2,0.5625,0.60625,1.0236911377595788,0.3217315004387248,1.3454226381983037,1.05294825511432,11.578947368421053
Monte Carlo Dropout,2,0.60625,0.6499999999999999,0.818952910207663,0.35097981866042705,1.16993272886809,0.8423586040914561,12.631578947368421
Monte Carlo Dropout,2,0.6499999999999999,0.69375,1.0236911377595788,0.20473822755191576,1.2284293653114946,1.05294825511432,7.368421052631579
Monte Carlo Dropout,2,0.69375,0.7374999999999999,1.5501608657502193,0.11699327288680901,1.6671541386370283,1.5944645006016847,4.2105263157894735
Monte Carlo Dropout,2,0.7374999999999999,0.78125,1.5794091839719215,0.11699327288680901,1.6964024568587306,1.6245487364620939,4.2105263157894735
Monte Carlo Dropout,2,0.78125,0.825,3.4513015501608657,0.14624159110851126,3.597543141269377,3.5499398315282793,5.2631578947368425
Monte Carlo Dropout,2,0.825,0.8687499999999999,4.738227551915765,0.08774495466510676,4.825972506580872,4.873646209386282,3.1578947368421053
Monte Carlo Dropout,2,0.8687499999999999,0.9125,7.66305937408599,0.11699327288680901,7.780052646972799,7.8820697954271965,4.2105263157894735
Monte Carlo Dropout,2,0.9125,0.9562499999999999,16.26206493126645,0.058496636443404505,16.320561567709856,16.726835138387486,2.1052631578947367
Monte Carlo Dropout,2,0.9562499999999999,1.0,57.56069026031003,0.058496636443404505,57.61918689675343,59.2057761732852,2.1052631578947367
Monte Carlo Dropout,3,0.125,0.16875,0.0,0.0,0.0,0.0,0.0
Monte Carlo Dropout,3,0.16875,0.2125,0.0,0.0,0.0,0.0,0.0
Monte Carlo Dropout,3,0.2125,0.25625,0.0,0.0,0.0,0.0,0.0
Monte Carlo Dropout,3,0.25625,0.3,0.058496636443404505,0.029248318221702253,0.08774495466510676,0.06140620202640467,0.6172839506172839
Monte Carlo Dropout,3,0.3,0.34375,0.14624159110851126,0.058496636443404505,0.20473822755191576,0.15351550506601166,1.2345679012345678
Monte Carlo Dropout,3,0.34375,0.38749999999999996,0.058496636443404505,0.08774495466510676,0.14624159110851126,0.06140620202640467,1.8518518518518519
Monte Carlo Dropout,3,0.38749999999999996,0.43124999999999997,0.23398654577361802,0.3217315004387248,0.5557180462123428,0.24562480810561868,6.790123456790123
Monte Carlo Dropout,3,0.43124999999999997,0.475,0.23398654577361802,0.2924831822170225,0.5264697279906405,0.24562480810561868,6.172839506172839
Monte Carlo Dropout,3,0.475,0.51875,0.5264697279906405,0.3217315004387248,0.8482012284293653,0.552655818237642,6.790123456790123
Monte Carlo Dropout,3,0.51875,0.5625,0.8482012284293653,0.7019596373208541,1.5501608657502195,0.8903899293828677,14.814814814814815
Monte Carlo Dropout,3,0.5625,0.60625,0.9944428195378766,0.6434630008774496,1.6379058204153263,1.0439054344488794,13.580246913580247
Monte Carlo Dropout,3,0.60625,0.6499999999999999,1.4331675928634104,0.4387247733255338,1.8718923661889442,1.5044519496469144,9.25925925925926
Monte Carlo Dropout,3,0.6499999999999999,0.69375,1.3161743199766014,0.3217315004387248,1.6379058204153263,1.381639545594105,6.790123456790123
Monte Carlo Dropout,3,0.69375,0.7374999999999999,2.1643755484059666,0.4972214097689383,2.661596958174905,2.2720294749769727,10.493827160493828
Monte Carlo Dropout,3,0.7374999999999999,0.78125,2.544603685288096,0.26323486399532026,2.8078385492834164,2.671169788148603,5.555555555555555
Monte Carlo Dropout,3,0.78125,0.825,3.4513015501608657,0.23398654577361802,3.685288095934484,3.6229659195578754,4.938271604938271
Monte Carlo Dropout,3,0.825,0.8687499999999999,5.410938871014917,0.08774495466510676,5.498683825680024,5.680073687442432,1.8518518518518519
Monte Carlo Dropout,3,0.8687499999999999,0.9125,8.218777420298332,0.23398654577361802,8.45276396607195,8.627571384709857,4.938271604938271
Monte Carlo Dropout,3,0.9125,0.9562499999999999,15.881836794384323,0.11699327288680901,15.998830067271133,16.671783850168868,2.4691358024691357
Monte Carlo Dropout,3,0.9562499999999999,1.0,51.740274934191284,0.08774495466510676,51.82801988885639,54.31378569235493,1.8518518518518519
Monte Carlo Dropout,4,0.125,0.16875,0.0,0.0,0.0,0.0,0.0
Monte Carlo Dropout,4,0.16875,0.2125,0.0,0.0,0.0,0.0,0.0
Monte Carlo Dropout,4,0.2125,0.25625,0.0,0.0,0.0,0.0,0.0
Monte Carlo Dropout,4,0.25625,0.3,0.0,0.058496636443404505,0.058496636443404505,0.0,0.6472491909385113
Monte Carlo Dropout,4,0.3,0.34375,0.11699327288680901,0.23398654577361802,0.35097981866042705,0.12861736334405144,2.588996763754045
Monte Carlo Dropout,4,0.34375,0.38749999999999996,0.20473822755191576,0.2924831822170225,0.49722140976893825,0.22508038585209003,3.236245954692557
Monte Carlo Dropout,4,0.38749999999999996,0.43124999999999997,0.26323486399532026,0.4387247733255338,0.7019596373208541,0.28938906752411575,4.854368932038835
Monte Carlo Dropout,4,0.43124999999999997,0.475,0.46797309154723604,0.7019596373208541,1.16993272886809,0.5144694533762058,7.766990291262136
Monte Carlo Dropout,4,0.475,0.51875,0.9066978648727698,0.9066978648727698,1.8133957297455396,0.9967845659163987,10.032362459546926
Monte Carlo Dropout,4,0.51875,0.5625,1.0821877742029833,0.9359461830944721,2.0181339572974553,1.189710610932476,10.35598705501618
Monte Carlo Dropout,4,0.5625,0.60625,1.4624159110851127,1.0821877742029833,2.544603685288096,1.607717041800643,11.974110032362459
Monte Carlo Dropout,4,0.60625,0.6499999999999999,1.9011406844106464,0.6142146826557473,2.5153553670663937,2.090032154340836,6.796116504854369
Monte Carlo Dropout,4,0.6499999999999999,0.69375,2.1643755484059666,0.5557180462123428,2.7200935946183096,2.379421221864952,6.148867313915858
Monte Carlo Dropout,4,0.69375,0.7374999999999999,2.0473822755191575,0.6142146826557473,2.661596958174905,2.2508038585209005,6.796116504854369
Monte Carlo Dropout,4,0.7374999999999999,0.78125,2.9833284586136295,0.38022813688212925,3.363556595495759,3.279742765273312,4.207119741100324
Monte Carlo Dropout,4,0.78125,0.825,4.007019596373208,0.6142146826557473,4.621234279028956,4.405144694533762,6.796116504854369
Monte Carlo Dropout,4,0.825,0.8687499999999999,5.089207370576192,0.2924831822170225,5.381690552793215,5.594855305466238,3.236245954692557
Monte Carlo Dropout,4,0.8687499999999999,0.9125,7.5753144194208835,0.46797309154723604,8.043287510968119,8.327974276527332,5.17799352750809
Monte Carlo Dropout,4,0.9125,0.9562499999999999,15.092132202398362,0.4972214097689383,15.5893536121673,16.591639871382636,5.501618122977346
Monte Carlo Dropout,4,0.9562499999999999,1.0,45.59812810763381,0.35097981866042705,45.94910792629424,50.12861736334405,3.883495145631068
Monte Carlo Dropout,5,0.125,0.16875,0.0,0.0,0.0,0.0,0.0
Monte Carlo Dropout,5,0.16875,0.2125,0.0,0.0,0.0,0.0,0.0
Monte Carlo Dropout,5,0.2125,0.25625,0.0,0.11699327288680901,0.11699327288680901,0.0,0.7067137809187279
Monte Carlo Dropout,5,0.25625,0.3,0.029248318221702253,0.14624159110851126,0.17548990933021352,0.03505082369435682,0.8833922261484098
Monte Carlo Dropout,5,0.3,0.34375,0.14624159110851126,0.4094764551038315,0.5557180462123428,0.1752541184717841,2.4734982332155475
Monte Carlo Dropout,5,0.34375,0.38749999999999996,0.2924831822170225,0.4972214097689383,0.7897045919859609,0.3505082369435682,3.0035335689045937
Monte Carlo Dropout,5,0.38749999999999996,0.43124999999999997,0.38022813688212925,0.7312079555425564,1.1114360924246856,0.4556607080266386,4.41696113074205
Monte Carlo Dropout,5,0.43124999999999997,0.475,0.9651945013161743,1.2576776835331969,2.222872184849371,1.1566771819137749,7.597173144876325
Monte Carlo Dropout,5,0.475,0.51875,1.2869260017548991,1.4624159110851127,2.749341912840012,1.5422362425517,8.8339222614841
Monte Carlo Dropout,5,0.51875,0.5625,1.4916642293068147,1.6086575021936238,3.1003217315004385,1.7875920084121977,9.717314487632509
Monte Carlo Dropout,5,0.5625,0.60625,1.4039192746417082,1.3454226381983037,2.749341912840012,1.6824395373291272,8.12720848056537
Monte Carlo Dropout,5,0.60625,0.6499999999999999,1.7548990933021351,0.8482012284293653,2.6031003217315005,2.103049421661409,5.123674911660777
Monte Carlo Dropout,5,0.6499999999999999,0.69375,2.33986545773618,1.0821877742029833,3.4220532319391634,2.8040658955485456,6.5371024734982335
Monte Carlo Dropout,5,0.69375,0.7374999999999999,2.5153553670663937,0.7604562737642585,3.275811640830652,3.0143708377146865,4.593639575971731
Monte Carlo Dropout,5,0.7374999999999999,0.78125,2.427610412401287,0.7897045919859608,3.2173150043872476,2.909218366631616,4.770318021201414
Monte Carlo Dropout,5,0.78125,0.825,3.5390465048259725,0.8482012284293653,4.387247733255338,4.241149667017175,5.123674911660777
Monte Carlo Dropout,5,0.825,0.8687499999999999,5.410938871014917,0.7897045919859608,6.200643463000878,6.484402383456011,4.770318021201414
Monte Carlo Dropout,5,0.8687499999999999,0.9125,7.1365896460953495,0.818952910207663,7.955542556303013,8.552400981423064,4.946996466431095
Monte Carlo Dropout,5,0.9125,0.9562499999999999,13.044749926879204,1.3454226381983037,14.390172565077508,15.63266736768314,8.12720848056537
Monte Carlo Dropout,5,0.9562499999999999,1.0,39.28049137174612,1.6964024568587306,40.97689382860485,47.073256221521206,10.247349823321555
SNGP,0,0.125,0.16875,0.0,0.0,0.0,0.0,0.0
SNGP,0,0.16875,0.2125,0.0,0.0,0.0,0.0,0.0
SNGP,0,0.2125,0.25625,0.029248318221702253,0.058496636443404505,0.08774495466510676,0.02978850163836759,3.225806451612903
SNGP,0,0.25625,0.3,0.029248318221702253,0.029248318221702253,0.058496636443404505,0.02978850163836759,1.6129032258064515
SNGP,0,0.3,0.34375,0.0,0.0,0.0,0.0,0.0
SNGP,0,0.34375,0.38749999999999996,0.058496636443404505,0.029248318221702253,0.08774495466510676,0.05957700327673518,1.6129032258064515
SNGP,0,0.38749999999999996,0.43124999999999997,0.058496636443404505,0.08774495466510676,0.14624159110851126,0.05957700327673518,4.838709677419355
SNGP,0,0.43124999999999997,0.475,0.058496636443404505,0.029248318221702253,0.08774495466510676,0.05957700327673518,1.6129032258064515
SNGP,0,0.475,0.51875,0.08774495466510676,0.14624159110851126,0.23398654577361802,0.08936550491510277,8.064516129032258
SNGP,0,0.51875,0.5625,0.35097981866042705,0.23398654577361802,0.584966364434045,0.3574620196604111,12.903225806451612
SNGP,0,0.5625,0.60625,0.2924831822170225,0.08774495466510676,0.3802281368821293,0.2978850163836759,4.838709677419355
SNGP,0,0.60625,0.6499999999999999,0.20473822755191576,0.11699327288680901,0.3217315004387248,0.20851951146857314,6.451612903225806
SNGP,0,0.6499999999999999,0.69375,0.3217315004387248,0.058496636443404505,0.3802281368821293,0.3276735180220435,3.225806451612903
SNGP,0,0.69375,0.7374999999999999,0.584966364434045,0.20473822755191576,0.7897045919859608,0.5957700327673519,11.290322580645162
SNGP,0,0.7374999999999999,0.78125,0.6727113190991518,0.08774495466510676,0.7604562737642586,0.6851355376824546,4.838709677419355
SNGP,0,0.78125,0.825,0.7312079555425564,0.17548990933021352,0.9066978648727699,0.7447125409591897,9.67741935483871
SNGP,0,0.825,0.8687499999999999,1.0821877742029833,0.11699327288680901,1.1991810470897923,1.1021745606196007,6.451612903225806
SNGP,0,0.8687499999999999,0.9125,2.5153553670663937,0.11699327288680901,2.632348639953203,2.561811140899613,6.451612903225806
SNGP,0,0.9125,0.9562499999999999,5.498683825680024,0.08774495466510676,5.5864287803451305,5.600238308013107,4.838709677419355
SNGP,0,0.9562499999999999,1.0,85.6098274349225,0.14624159110851126,85.756069026031,87.19094429550194,8.064516129032258
SNGP,1,0.125,0.16875,0.0,0.0,0.0,0.0,0.0
SNGP,1,0.16875,0.2125,0.0,0.0,0.0,0.0,0.0
SNGP,1,0.2125,0.25625,0.029248318221702253,0.0,0.029248318221702253,0.029841838257236644,0.0
SNGP,1,0.25625,0.3,0.029248318221702253,0.08774495466510676,0.11699327288680901,0.029841838257236644,4.411764705882353
SNGP,1,0.3,0.34375,0.029248318221702253,0.029248318221702253,0.058496636443404505,0.029841838257236644,1.4705882352941178
SNGP,1,0.34375,0.38749999999999996,0.0,0.0,0.0,0.0,0.0
SNGP,1,0.38749999999999996,0.43124999999999997,0.20473822755191576,0.08774495466510676,0.2924831822170225,0.20889286780065652,4.411764705882353
SNGP,1,0.43124999999999997,0.475,0.14624159110851126,0.11699327288680901,0.26323486399532026,0.14920919128618323,5.882352941176471
SNGP,1,0.475,0.51875,0.11699327288680901,0.08774495466510676,0.20473822755191579,0.11936735302894658,4.411764705882353
SNGP,1,0.51875,0.5625,0.35097981866042705,0.23398654577361802,0.584966364434045,0.35810205908683973,11.764705882352942
SNGP,1,0.5625,0.60625,0.23398654577361802,0.17548990933021352,0.40947645510383157,0.23873470605789315,8.823529411764707
SNGP,1,0.60625,0.6499999999999999,0.2924831822170225,0.058496636443404505,0.35097981866042705,0.29841838257236647,2.9411764705882355
SNGP,1,0.6499999999999999,0.69375,0.46797309154723604,0.17548990933021352,0.6434630008774496,0.4774694121157863,8.823529411764707
SNGP,1,0.69375,0.7374999999999999,0.6142146826557473,0.17548990933021352,0.7897045919859609,0.6266786034019696,8.823529411764707
SNGP,1,0.7374999999999999,0.78125,0.7897045919859608,0.20473822755191576,0.9944428195378765,0.8057296329453895,10.294117647058824
SNGP,1,0.78125,0.825,0.9359461830944721,0.08774495466510676,1.0236911377595788,0.9549388242315726,4.411764705882353
SNGP,1,0.825,0.8687499999999999,0.8482012284293653,0.08774495466510676,0.9359461830944721,0.8654133094598627,4.411764705882353
SNGP,1,0.8687499999999999,0.9125,2.2813688212927756,0.029248318221702253,2.310617139514478,2.3276633840644583,1.4705882352941178
SNGP,1,0.9125,0.9562499999999999,6.376133372331091,0.11699327288680901,6.4931266452179,6.505520740077589,5.882352941176471
SNGP,1,0.9562499999999999,1.0,84.2644047967242,0.23398654577361802,84.49839134249781,85.97433601909877,11.764705882352942
SNGP,2,0.125,0.16875,0.0,0.0,0.0,0.0,0.0
SNGP,2,0.16875,0.2125,0.0,0.0,0.0,0.0,0.0
SNGP,2,0.2125,0.25625,0.029248318221702253,0.058496636443404505,0.08774495466510676,0.030111412225233364,2.0408163265306123
SNGP,2,0.25625,0.3,0.029248318221702253,0.029248318221702253,0.058496636443404505,0.030111412225233364,1.0204081632653061
SNGP,2,0.3,0.34375,0.029248318221702253,0.029248318221702253,0.058496636443404505,0.030111412225233364,1.0204081632653061
SNGP,2,0.34375,0.38749999999999996,0.058496636443404505,0.14624159110851126,0.20473822755191576,0.06022282445046673,5.1020408163265305
SNGP,2,0.38749999999999996,0.43124999999999997,0.14624159110851126,0.17548990933021352,0.3217315004387248,0.15055706112616682,6.122448979591836
SNGP,2,0.43124999999999997,0.475,0.08774495466510676,0.17548990933021352,0.26323486399532026,0.09033423667570009,6.122448979591836
SNGP,2,0.475,0.51875,0.35097981866042705,0.17548990933021352,0.5264697279906405,0.36133694670280037,6.122448979591836
SNGP,2,0.51875,0.5625,0.38022813688212925,0.26323486399532026,0.6434630008774496,0.3914483589280337,9.183673469387756
SNGP,2,0.5625,0.60625,0.46797309154723604,0.20473822755191576,0.6727113190991518,0.4817825956037338,7.142857142857143
SNGP,2,0.60625,0.6499999999999999,0.26323486399532026,0.23398654577361802,0.49722140976893825,0.27100271002710025,8.16326530612245
SNGP,2,0.6499999999999999,0.69375,0.38022813688212925,0.14624159110851126,0.5264697279906405,0.3914483589280337,5.1020408163265305
SNGP,2,0.69375,0.7374999999999999,0.818952910207663,0.2924831822170225,1.1114360924246856,0.8431195423065342,10.204081632653061
SNGP,2,0.7374999999999999,0.78125,0.7312079555425564,0.14624159110851126,0.8774495466510677,0.7527853056308341,5.1020408163265305
SNGP,2,0.78125,0.825,0.8482012284293653,0.14624159110851126,0.9944428195378765,0.8732309545317676,5.1020408163265305
SNGP,2,0.825,0.8687499999999999,1.16993272886809,0.23398654577361802,1.4039192746417082,1.2044564890093346,8.16326530612245
SNGP,2,0.8687499999999999,0.9125,2.456858730622989,0.029248318221702253,2.4861070488446915,2.5293586269196027,1.0204081632653061
SNGP,2,0.9125,0.9562499999999999,6.259140099444282,0.11699327288680901,6.376133372331091,6.44384221619994,4.081632653061225
SNGP,2,0.9562499999999999,1.0,82.62649897630887,0.26323486399532026,82.88973384030419,85.06473953628425,9.183673469387756
SNGP,3,0.125,0.16875,0.0,0.0,0.0,0.0,0.0
SNGP,3,0.16875,0.2125,0.0,0.0,0.0,0.0,0.0
SNGP,3,0.2125,0.25625,0.08774495466510676,0.029248318221702253,0.11699327288680901,0.09256402344955261,0.5617977528089888
SNGP,3,0.25625,0.3,0.058496636443404505,0.17548990933021352,0.23398654577361802,0.061709348966368406,3.3707865168539324
SNGP,3,0.3,0.34375,0.14624159110851126,0.08774495466510676,0.23398654577361802,0.154273372415921,1.6853932584269662
SNGP,3,0.34375,0.38749999999999996,0.11699327288680901,0.26323486399532026,0.38022813688212925,0.12341869793273681,5.056179775280899
SNGP,3,0.38749999999999996,0.43124999999999997,0.08774495466510676,0.3217315004387248,0.40947645510383157,0.09256402344955261,6.179775280898877
SNGP,3,0.43124999999999997,0.475,0.38022813688212925,0.14624159110851126,0.5264697279906405,0.40111076828139464,2.808988764044944
SNGP,3,0.475,0.51875,0.4972214097689383,0.4094764551038315,0.9066978648727698,0.5245294662141314,7.865168539325842
SNGP,3,0.51875,0.5625,0.4387247733255338,0.4387247733255338,0.8774495466510676,0.46282011724776306,8.426966292134832
SNGP,3,0.5625,0.60625,0.9066978648727698,0.23398654577361802,1.1406844106463878,0.9564949089787103,4.49438202247191
SNGP,3,0.60625,0.6499999999999999,0.3217315004387248,0.38022813688212925,0.7019596373208541,0.3394014193150262,7.303370786516854
SNGP,3,0.6499999999999999,0.69375,0.4972214097689383,0.20473822755191576,0.7019596373208541,0.5245294662141314,3.932584269662921
SNGP,3,0.69375,0.7374999999999999,0.7019596373208541,0.38022813688212925,1.0821877742029833,0.7405121875964209,7.303370786516854
SNGP,3,0.7374999999999999,0.78125,1.1114360924246856,0.4094764551038315,1.520912547528517,1.1724776303609996,7.865168539325842
SNGP,3,0.78125,0.825,1.4039192746417082,0.3217315004387248,1.725650775080433,1.4810243751928418,6.179775280898877
SNGP,3,0.825,0.8687499999999999,1.4624159110851127,0.20473822755191576,1.6671541386370285,1.54273372415921,3.932584269662921
SNGP,3,0.8687499999999999,0.9125,3.4513015501608657,0.35097981866042705,3.802281368821293,3.640851589015736,6.741573033707865
SNGP,3,0.9125,0.9562499999999999,6.551623281661304,0.3217315004387248,6.873354782100029,6.911447084233261,6.179775280898877
SNGP,3,0.9562499999999999,1.0,76.5720971044165,0.5264697279906405,77.09856683240714,80.77753779697625,10.112359550561798
SNGP,4,0.125,0.16875,0.0,0.0,0.0,0.0,0.0
SNGP,4,0.16875,0.2125,0.029248318221702253,0.11699327288680901,0.14624159110851126,0.032552083333333336,1.1527377521613833
SNGP,4,0.2125,0.25625,0.23398654577361802,0.2924831822170225,0.5264697279906405,0.2604166666666667,2.881844380403458
SNGP,4,0.25625,0.3,0.35097981866042705,0.26323486399532026,0.6142146826557473,0.390625,2.5936599423631126
SNGP,4,0.3,0.34375,0.38022813688212925,0.4094764551038315,0.7897045919859608,0.4231770833333333,4.034582132564841
SNGP,4,0.34375,0.38749999999999996,0.17548990933021352,0.4387247733255338,0.6142146826557473,0.1953125,4.322766570605188
SNGP,4,0.38749999999999996,0.43124999999999997,0.23398654577361802,0.4094764551038315,0.6434630008774496,0.2604166666666667,4.034582132564841
SNGP,4,0.43124999999999997,0.475,0.4094764551038315,0.38022813688212925,0.7897045919859608,0.4557291666666667,3.7463976945244957
SNGP,4,0.475,0.51875,0.46797309154723604,0.584966364434045,1.052939455981281,0.5208333333333334,5.763688760806916
SNGP,4,0.51875,0.5625,0.584966364434045,0.6434630008774496,1.2284293653114946,0.6510416666666666,6.340057636887608
SNGP,4,0.5625,0.60625,0.7604562737642585,0.46797309154723604,1.2284293653114946,0.8463541666666666,4.610951008645533
SNGP,4,0.60625,0.6499999999999999,0.7604562737642585,0.584966364434045,1.3454226381983037,0.8463541666666666,5.763688760806916
SNGP,4,0.6499999999999999,0.69375,0.9359461830944721,0.5557180462123428,1.491664229306815,1.0416666666666667,5.475504322766571
SNGP,4,0.69375,0.7374999999999999,1.1406844106463878,0.5264697279906405,1.6671541386370283,1.26953125,5.187319884726225
SNGP,4,0.7374999999999999,0.78125,1.520912547528517,0.6434630008774496,2.1643755484059666,1.6927083333333333,6.340057636887608
SNGP,4,0.78125,0.825,1.5501608657502193,0.46797309154723604,2.0181339572974553,1.7252604166666667,4.610951008645533
SNGP,4,0.825,0.8687499999999999,1.9011406844106464,0.5557180462123428,2.456858730622989,2.1158854166666665,5.475504322766571
SNGP,4,0.8687499999999999,0.9125,3.363556595495759,0.5557180462123428,3.9192746417081015,3.7434895833333335,5.475504322766571
SNGP,4,0.9125,0.9562499999999999,6.142146826557473,0.7312079555425564,6.873354782100029,6.8359375,7.204610951008646
SNGP,4,0.9562499999999999,1.0,68.90903773033051,1.520912547528517,70.42995027785902,76.69270833333333,14.985590778097983
SNGP,5,0.125,0.16875,0.0,0.029248318221702253,0.029248318221702253,0.0,0.16051364365971107
SNGP,5,0.16875,0.2125,0.08774495466510676,0.11699327288680901,0.20473822755191579,0.1072961373390558,0.6420545746388443
SNGP,5,0.2125,0.25625,0.14624159110851126,0.4972214097689383,0.6434630008774496,0.17882689556509299,2.7287319422150884
SNGP,5,0.25625,0.3,0.4094764551038315,0.818952910207663,1.2284293653114946,0.5007153075822603,4.49438202247191
SNGP,5,0.3,0.34375,0.4972214097689383,0.9651945013161743,1.4624159110851127,0.6080114449213162,5.296950240770466
SNGP,5,0.34375,0.38749999999999996,0.4387247733255338,0.7019596373208541,1.1406844106463878,0.5364806866952789,3.852327447833066
SNGP,5,0.38749999999999996,0.43124999999999997,0.6727113190991518,1.052939455981281,1.7256507750804329,0.8226037195994278,5.778491171749598
SNGP,5,0.43124999999999997,0.475,0.584966364434045,0.7604562737642585,1.3454226381983037,0.7153075822603719,4.173354735152488
SNGP,5,0.475,0.51875,0.4972214097689383,0.5264697279906405,1.0236911377595788,0.6080114449213162,2.889245585874799
SNGP,5,0.51875,0.5625,0.7604562737642585,1.16993272886809,1.9303890026323485,0.9298998569384835,6.420545746388443
SNGP,5,0.5625,0.60625,0.7897045919859608,0.6727113190991518,1.4624159110851127,0.9656652360515021,3.691813804173355
SNGP,5,0.60625,0.6499999999999999,1.1991810470897923,0.818952910207663,2.0181339572974553,1.4663805436337625,4.49438202247191
SNGP,5,0.6499999999999999,0.69375,0.9944428195378766,0.7897045919859608,1.7841474115238374,1.2160228898426324,4.333868378812199
SNGP,5,0.69375,0.7374999999999999,1.1406844106463878,0.8482012284293653,1.988885639075753,1.3948497854077253,4.654895666131621
SNGP,5,0.7374999999999999,0.78125,1.0236911377595788,0.818952910207663,1.8426440479672417,1.251788268955651,4.49438202247191
SNGP,5,0.78125,0.825,1.7256507750804329,0.584966364434045,2.310617139514478,2.1101573676680974,3.2102728731942216
SNGP,5,0.825,0.8687499999999999,1.5501608657502193,0.9944428195378766,2.544603685288096,1.8955650929899857,5.457463884430177
SNGP,5,0.8687499999999999,0.9125,3.597543141269377,1.1114360924246856,4.708979233694063,4.399141630901288,6.099518459069021
SNGP,5,0.9125,0.9562499999999999,6.727113190991518,1.7548990933021351,8.482012284293653,8.226037195994278,9.630818619582664
SNGP,5,0.9562499999999999,1.0,58.93536121673004,3.1880666861655453,62.123427902895585,72.06723891273248,17.49598715890851
SNGP + Spectral Reg,0,0.125,0.16875,0.0,0.0,0.0,0.0,0.0
SNGP + Spectral Reg,0,0.16875,0.2125,0.0,0.0,0.0,0.0,0.0
SNGP + Spectral Reg,0,0.2125,0.25625,0.0,0.0,0.0,0.0,0.0
SNGP + Spectral Reg,0,0.25625,0.3,0.0,0.029248318221702253,0.029248318221702253,0.0,1.1764705882352942
SNGP + Spectral Reg,0,0.3,0.34375,0.0,0.0,0.0,0.0,0.0
SNGP + Spectral Reg,0,0.34375,0.38749999999999996,0.0,0.029248318221702253,0.029248318221702253,0.0,1.1764705882352942
SNGP + Spectral Reg,0,0.38749999999999996,0.43124999999999997,0.029248318221702253,0.0,0.029248318221702253,0.029994001199760048,0.0
SNGP + Spectral Reg,0,0.43124999999999997,0.475,0.029248318221702253,0.0,0.029248318221702253,0.029994001199760048,0.0
SNGP + Spectral Reg,0,0.475,0.51875,0.08774495466510676,0.20473822755191576,0.2924831822170225,0.08998200359928014,8.235294117647058
SNGP + Spectral Reg,0,0.51875,0.5625,0.23398654577361802,0.26323486399532026,0.49722140976893825,0.23995200959808038,10.588235294117647
SNGP + Spectral Reg,0,0.5625,0.60625,0.11699327288680901,0.3217315004387248,0.4387247733255338,0.11997600479904019,12.941176470588236
SNGP + Spectral Reg,0,0.60625,0.6499999999999999,0.26323486399532026,0.17548990933021352,0.4387247733255338,0.2699460107978404,7.0588235294117645
SNGP + Spectral Reg,0,0.6499999999999999,0.69375,0.38022813688212925,0.17548990933021352,0.5557180462123428,0.3899220155968806,7.0588235294117645
SNGP + Spectral Reg,0,0.69375,0.7374999999999999,0.20473822755191576,0.14624159110851126,0.35097981866042705,0.20995800839832032,5.882352941176471
SNGP + Spectral Reg,0,0.7374999999999999,0.78125,0.6142146826557473,0.029248318221702253,0.6434630008774496,0.629874025194961,1.1764705882352942
SNGP + Spectral Reg,0,0.78125,0.825,0.4387247733255338,0.17548990933021352,0.6142146826557473,0.44991001799640074,7.0588235294117645
SNGP + Spectral Reg,0,0.825,0.8687499999999999,0.6142146826557473,0.14624159110851126,0.7604562737642586,0.629874025194961,5.882352941176471
SNGP + Spectral Reg,0,0.8687499999999999,0.9125,1.1406844106463878,0.23398654577361802,1.374670956420006,1.169766046790642,9.411764705882353
SNGP + Spectral Reg,0,0.9125,0.9562499999999999,2.749341912840012,0.20473822755191576,2.9540801403919277,2.8194361127774443,8.235294117647058
SNGP + Spectral Reg,0,0.9562499999999999,1.0,90.61128985083357,0.35097981866042705,90.96226966949399,92.92141571685663,14.117647058823529
SNGP + Spectral Reg,1,0.125,0.16875,0.0,0.0,0.0,0.0,0.0
SNGP + Spectral Reg,1,0.16875,0.2125,0.0,0.0,0.0,0.0,0.0
SNGP + Spectral Reg,1,0.2125,0.25625,0.0,0.0,0.0,0.0,0.0
SNGP + Spectral Reg,1,0.25625,0.3,0.0,0.029248318221702253,0.029248318221702253,0.0,1.2048192771084338
SNGP + Spectral Reg,1,0.3,0.34375,0.029248318221702253,0.0,0.029248318221702253,0.02997601918465228,0.0
SNGP + Spectral Reg,1,0.34375,0.38749999999999996,0.0,0.029248318221702253,0.029248318221702253,0.0,1.2048192771084338
SNGP + Spectral Reg,1,0.38749999999999996,0.43124999999999997,0.08774495466510676,0.0,0.08774495466510676,0.08992805755395683,0.0
SNGP + Spectral Reg,1,0.43124999999999997,0.475,0.058496636443404505,0.058496636443404505,0.11699327288680901,0.05995203836930456,2.4096385542168677
SNGP + Spectral Reg,1,0.475,0.51875,0.23398654577361802,0.20473822755191576,0.4387247733255338,0.23980815347721823,8.433734939759036
SNGP + Spectral Reg,1,0.51875,0.5625,0.11699327288680901,0.2924831822170225,0.4094764551038315,0.11990407673860912,12.048192771084338
SNGP + Spectral Reg,1,0.5625,0.60625,0.20473822755191576,0.11699327288680901,0.3217315004387248,0.20983213429256595,4.819277108433735
SNGP + Spectral Reg,1,0.60625,0.6499999999999999,0.17548990933021352,0.08774495466510676,0.26323486399532026,0.17985611510791366,3.6144578313253013
SNGP + Spectral Reg,1,0.6499999999999999,0.69375,0.4972214097689383,0.14624159110851126,0.6434630008774496,0.5095923261390888,6.024096385542169
SNGP + Spectral Reg,1,0.69375,0.7374999999999999,0.4387247733255338,0.20473822755191576,0.6434630008774496,0.44964028776978415,8.433734939759036
SNGP + Spectral Reg,1,0.7374999999999999,0.78125,0.5557180462123428,0.0,0.5557180462123428,0.5695443645083933,0.0
SNGP + Spectral Reg,1,0.78125,0.825,0.7897045919859608,0.17548990933021352,0.9651945013161742,0.8093525179856115,7.228915662650603
SNGP + Spectral Reg,1,0.825,0.8687499999999999,0.9066978648727698,0.14624159110851126,1.052939455981281,0.9292565947242206,6.024096385542169
SNGP + Spectral Reg,1,0.8687499999999999,0.9125,1.4624159110851127,0.2924831822170225,1.7548990933021353,1.498800959232614,12.048192771084338
SNGP + Spectral Reg,1,0.9125,0.9562499999999999,3.1003217315004385,0.23398654577361802,3.3343082772740567,3.1774580335731413,9.63855421686747
SNGP + Spectral Reg,1,0.9562499999999999,1.0,88.91488739397485,0.4094764551038315,89.32436384907868,91.12709832134293,16.867469879518072
SNGP + Spectral Reg,2,0.125,0.16875,0.0,0.0,0.0,0.0,0.0
SNGP + Spectral Reg,2,0.16875,0.2125,0.0,0.0,0.0,0.0,0.0
SNGP + Spectral Reg,2,0.2125,0.25625,0.0,0.029248318221702253,0.029248318221702253,0.0,0.9090909090909091
SNGP + Spectral Reg,2,0.25625,0.3,0.0,0.0,0.0,0.0,0.0
SNGP + Spectral Reg,2,0.3,0.34375,0.029248318221702253,0.058496636443404505,0.08774495466510676,0.030220610456331218,1.8181818181818181
SNGP + Spectral Reg,2,0.34375,0.38749999999999996,0.0,0.058496636443404505,0.058496636443404505,0.0,1.8181818181818181
SNGP + Spectral Reg,2,0.38749999999999996,0.43124999999999997,0.11699327288680901,0.058496636443404505,0.17548990933021352,0.12088244182532487,1.8181818181818181
SNGP + Spectral Reg,2,0.43124999999999997,0.475,0.11699327288680901,0.11699327288680901,0.23398654577361802,0.12088244182532487,3.6363636363636362
SNGP + Spectral Reg,2,0.475,0.51875,0.26323486399532026,0.23398654577361802,0.49722140976893825,0.271985494106981,7.2727272727272725
SNGP + Spectral Reg,2,0.51875,0.5625,0.23398654577361802,0.2924831822170225,0.5264697279906405,0.24176488365064974,9.090909090909092
SNGP + Spectral Reg,2,0.5625,0.60625,0.4094764551038315,0.26323486399532026,0.6727113190991518,0.4230885463886371,8.181818181818182
SNGP + Spectral Reg,2,0.60625,0.6499999999999999,0.3217315004387248,0.3217315004387248,0.6434630008774496,0.3324267150196434,10.0
SNGP + Spectral Reg,2,0.6499999999999999,0.69375,0.6727113190991518,0.20473822755191576,0.8774495466510676,0.695074040495618,6.363636363636363
SNGP + Spectral Reg,2,0.69375,0.7374999999999999,0.7312079555425564,0.14624159110851126,0.8774495466510677,0.7555152614082804,4.545454545454546
SNGP + Spectral Reg,2,0.7374999999999999,0.78125,0.7019596373208541,0.08774495466510676,0.7897045919859609,0.7252946509519492,2.727272727272727
SNGP + Spectral Reg,2,0.78125,0.825,0.7604562737642585,0.2924831822170225,1.052939455981281,0.7857358718646117,9.090909090909092
SNGP + Spectral Reg,2,0.825,0.8687499999999999,1.052939455981281,0.058496636443404505,1.1114360924246856,1.087941976427924,1.8181818181818181
SNGP + Spectral Reg,2,0.8687499999999999,0.9125,1.5501608657502193,0.20473822755191576,1.7548990933021351,1.6016923541855546,6.363636363636363
SNGP + Spectral Reg,2,0.9125,0.9562499999999999,3.5390465048259725,0.2924831822170225,3.831529687042995,3.656693865216077,9.090909090909092
SNGP + Spectral Reg,2,0.9562499999999999,1.0,86.28253875402164,0.4972214097689383,86.77976016379058,89.15080084617709,15.454545454545455
SNGP + Spectral Reg,3,0.125,0.16875,0.0,0.0,0.0,0.0,0.0
SNGP + Spectral Reg,3,0.16875,0.2125,0.029248318221702253,0.0,0.029248318221702253,0.031191515907673113,0.0
SNGP + Spectral Reg,3,0.2125,0.25625,0.058496636443404505,0.14624159110851126,0.20473822755191576,0.06238303181534623,2.347417840375587
SNGP + Spectral Reg,3,0.25625,0.3,0.029248318221702253,0.11699327288680901,0.14624159110851126,0.031191515907673113,1.8779342723004695
SNGP + Spectral Reg,3,0.3,0.34375,0.08774495466510676,0.14624159110851126,0.23398654577361802,0.09357454772301933,2.347417840375587
SNGP + Spectral Reg,3,0.34375,0.38749999999999996,0.08774495466510676,0.26323486399532026,0.35097981866042705,0.09357454772301933,4.225352112676056
SNGP + Spectral Reg,3,0.38749999999999996,0.43124999999999997,0.14624159110851126,0.14624159110851126,0.2924831822170225,0.15595757953836556,2.347417840375587
SNGP + Spectral Reg,3,0.43124999999999997,0.475,0.17548990933021352,0.20473822755191576,0.3802281368821293,0.18714909544603867,3.2863849765258215
SNGP + Spectral Reg,3,0.475,0.51875,0.2924831822170225,0.4094764551038315,0.7019596373208541,0.3119151590767311,6.572769953051643
SNGP + Spectral Reg,3,0.51875,0.5625,0.35097981866042705,0.4387247733255338,0.7897045919859609,0.37429819089207733,7.042253521126761
SNGP + Spectral Reg,3,0.5625,0.60625,0.7604562737642585,0.38022813688212925,1.1406844106463878,0.810979413599501,6.103286384976526
SNGP + Spectral Reg,3,0.60625,0.6499999999999999,0.35097981866042705,0.2924831822170225,0.6434630008774496,0.37429819089207733,4.694835680751174
SNGP + Spectral Reg,3,0.6499999999999999,0.69375,1.1114360924246856,0.35097981866042705,1.4624159110851127,1.1852776044915783,5.633802816901408
SNGP + Spectral Reg,3,0.69375,0.7374999999999999,0.5557180462123428,0.4094764551038315,0.9651945013161742,0.5926388022457891,6.572769953051643
SNGP + Spectral Reg,3,0.7374999999999999,0.78125,1.1406844106463878,0.4972214097689383,1.637905820415326,1.2164691203992515,7.981220657276995
SNGP + Spectral Reg,3,0.78125,0.825,0.9944428195378766,0.4387247733255338,1.4331675928634104,1.0605115408608858,7.042253521126761
SNGP + Spectral Reg,3,0.825,0.8687499999999999,1.5501608657502193,0.38022813688212925,1.9303890026323485,1.653150343106675,6.103286384976526
SNGP + Spectral Reg,3,0.8687499999999999,0.9125,2.105878911962562,0.4387247733255338,2.544603685288096,2.245789145352464,7.042253521126761
SNGP + Spectral Reg,3,0.9125,0.9562499999999999,4.41649605147704,0.5264697279906405,4.942965779467681,4.70991890205864,8.450704225352112
SNGP + Spectral Reg,3,0.9562499999999999,1.0,79.52617724480842,0.6434630008774496,80.16964024568587,84.80973175296319,10.328638497652582
SNGP + Spectral Reg,4,0.125,0.16875,0.0,0.0,0.0,0.0,0.0
SNGP + Spectral Reg,4,0.16875,0.2125,0.11699327288680901,0.6434630008774496,0.7604562737642586,0.13463480309660047,4.910714285714286
SNGP + Spectral Reg,4,0.2125,0.25625,0.14624159110851126,0.584966364434045,0.7312079555425564,0.1682935038707506,4.464285714285714
SNGP + Spectral Reg,4,0.25625,0.3,0.17548990933021352,0.4094764551038315,0.584966364434045,0.2019522046449007,3.125
SNGP + Spectral Reg,4,0.3,0.34375,0.14624159110851126,0.3217315004387248,0.46797309154723604,0.1682935038707506,2.455357142857143
SNGP + Spectral Reg,4,0.34375,0.38749999999999996,0.17548990933021352,0.7604562737642585,0.935946183094472,0.2019522046449007,5.803571428571429
SNGP + Spectral Reg,4,0.38749999999999996,0.43124999999999997,0.20473822755191576,0.4387247733255338,0.6434630008774496,0.23561090541905083,3.3482142857142856
SNGP + Spectral Reg,4,0.43124999999999997,0.475,0.38022813688212925,0.4972214097689383,0.8774495466510676,0.43756311006395154,3.794642857142857
SNGP + Spectral Reg,4,0.475,0.51875,0.818952910207663,0.6727113190991518,1.491664229306815,0.9424436216762033,5.133928571428571
SNGP + Spectral Reg,4,0.51875,0.5625,0.6142146826557473,0.8774495466510676,1.491664229306815,0.7068327162571525,6.696428571428571
SNGP + Spectral Reg,4,0.5625,0.60625,0.6727113190991518,0.5264697279906405,1.1991810470897923,0.7741501178054527,4.017857142857143
SNGP + Spectral Reg,4,0.60625,0.6499999999999999,0.7312079555425564,0.7019596373208541,1.4331675928634104,0.841467519353753,5.357142857142857
SNGP + Spectral Reg,4,0.6499999999999999,0.69375,0.8774495466510676,0.4387247733255338,1.3161743199766014,1.0097610232245036,3.3482142857142856
SNGP + Spectral Reg,4,0.69375,0.7374999999999999,0.9944428195378766,0.818952910207663,1.8133957297455396,1.144395826321104,6.25
SNGP + Spectral Reg,4,0.7374999999999999,0.78125,1.0236911377595788,0.6727113190991518,1.6964024568587306,1.178054527095254,5.133928571428571
SNGP + Spectral Reg,4,0.78125,0.825,1.1406844106463878,0.4972214097689383,1.637905820415326,1.3126893301918545,3.794642857142857
SNGP + Spectral Reg,4,0.825,0.8687499999999999,1.6671541386370283,0.7604562737642585,2.427610412401287,1.9185459441265567,5.803571428571429
SNGP + Spectral Reg,4,0.8687499999999999,0.9125,2.222872184849371,1.052939455981281,3.275811640830652,2.558061258835409,8.035714285714286
SNGP + Spectral Reg,4,0.9125,0.9562499999999999,4.241006142146826,0.9651945013161743,5.206200643463001,4.880511612251767,7.366071428571429
SNGP + Spectral Reg,4,0.9562499999999999,1.0,70.54694355074584,1.4624159110851127,72.00935946183095,81.18478626725009,11.160714285714286
SNGP + Spectral Reg,5,0.125,0.16875,0.0,0.058496636443404505,0.058496636443404505,0.0,0.2699055330634278
SNGP + Spectral Reg,5,0.16875,0.2125,0.11699327288680901,0.9651945013161743,1.0821877742029833,0.14936519790888722,4.4534412955465585
SNGP + Spectral Reg,5,0.2125,0.25625,0.3217315004387248,1.4331675928634104,1.7548990933021353,0.4107542942494399,6.612685560053981
SNGP + Spectral Reg,5,0.25625,0.3,0.23398654577361802,0.9359461830944721,1.16993272886809,0.29873039581777444,4.318488529014845
SNGP + Spectral Reg,5,0.3,0.34375,0.3217315004387248,1.0236911377595788,1.3454226381983037,0.4107542942494399,4.723346828609986
SNGP + Spectral Reg,5,0.34375,0.38749999999999996,0.20473822755191576,0.9651945013161743,1.16993272886809,0.26138909634055263,4.4534412955465585
SNGP + Spectral Reg,5,0.38749999999999996,0.43124999999999997,0.38022813688212925,1.052939455981281,1.4331675928634102,0.4854368932038835,4.8582995951417
SNGP + Spectral Reg,5,0.43124999999999997,0.475,0.2924831822170225,0.9066978648727698,1.1991810470897923,0.37341299477221807,4.183535762483131
SNGP + Spectral Reg,5,0.475,0.51875,0.5264697279906405,0.9359461830944721,1.4624159110851127,0.6721433905899925,4.318488529014845
SNGP + Spectral Reg,5,0.51875,0.5625,0.7604562737642585,0.9359461830944721,1.6964024568587306,0.970873786407767,4.318488529014845
SNGP + Spectral Reg,5,0.5625,0.60625,0.6142146826557473,1.052939455981281,1.6671541386370283,0.784167289021658,4.8582995951417
SNGP + Spectral Reg,5,0.60625,0.6499999999999999,0.5557180462123428,1.0821877742029833,1.637905820415326,0.7094846900672144,4.993252361673414
SNGP + Spectral Reg,5,0.6499999999999999,0.69375,0.8482012284293653,1.052939455981281,1.9011406844106462,1.0828976848394325,4.8582995951417
SNGP + Spectral Reg,5,0.69375,0.7374999999999999,0.9651945013161743,0.8482012284293653,1.8133957297455396,1.2322628827483197,3.913630229419703
SNGP + Spectral Reg,5,0.7374999999999999,0.78125,0.9651945013161743,0.8482012284293653,1.8133957297455396,1.2322628827483197,3.913630229419703
SNGP + Spectral Reg,5,0.78125,0.825,1.2869260017548991,0.9066978648727698,2.193623866627669,1.6430171769977595,4.183535762483131
SNGP + Spectral Reg,5,0.825,0.8687499999999999,1.7841474115238374,1.0821877742029833,2.866335185726821,2.2778192681105303,4.993252361673414
SNGP + Spectral Reg,5,0.8687499999999999,0.9125,2.0181339572974553,1.2284293653114946,3.24656332260895,2.5765496639283048,5.668016194331984
SNGP + Spectral Reg,5,0.9125,0.9562499999999999,4.270254460368529,1.5501608657502193,5.820415326118748,5.451829723674384,7.152496626180837
SNGP + Spectral Reg,5,0.9562499999999999,1.0,61.86019303890026,2.8078385492834164,64.66803158818368,78.97684839432412,12.955465587044534
SNGP + Muon,0,0.125,0.16875,0.0,0.0,0.0,0.0,0.0
SNGP + Muon,0,0.16875,0.2125,0.0,0.0,0.0,0.0,0.0
SNGP + Muon,0,0.2125,0.25625,0.0,0.0,0.0,0.0,0.0
SNGP + Muon,0,0.25625,0.3,0.0,0.0,0.0,0.0,0.0
SNGP + Muon,0,0.3,0.34375,0.0,0.0,0.0,0.0,0.0
SNGP + Muon,0,0.34375,0.38749999999999996,0.0,0.0,0.0,0.0,0.0
SNGP + Muon,0,0.38749999999999996,0.43124999999999997,0.029248318221702253,0.029248318221702253,0.058496636443404505,0.029717682020802376,1.8518518518518519
SNGP + Muon,0,0.43124999999999997,0.475,0.0,0.0,0.0,0.0,0.0
SNGP + Muon,0,0.475,0.51875,0.0,0.029248318221702253,0.029248318221702253,0.0,1.8518518518518519
SNGP + Muon,0,0.51875,0.5625,0.058496636443404505,0.0,0.058496636443404505,0.05943536404160475,0.0
SNGP + Muon,0,0.5625,0.60625,0.08774495466510676,0.058496636443404505,0.14624159110851126,0.08915304606240713,3.7037037037037037
SNGP + Muon,0,0.60625,0.6499999999999999,0.058496636443404505,0.058496636443404505,0.11699327288680901,0.05943536404160475,3.7037037037037037
SNGP + Muon,0,0.6499999999999999,0.69375,0.029248318221702253,0.058496636443404505,0.08774495466510676,0.029717682020802376,3.7037037037037037
SNGP + Muon,0,0.69375,0.7374999999999999,0.058496636443404505,0.11699327288680901,0.17548990933021352,0.05943536404160475,7.407407407407407
SNGP + Muon,0,0.7374999999999999,0.78125,0.11699327288680901,0.08774495466510676,0.20473822755191579,0.1188707280832095,5.555555555555555
SNGP + Muon,0,0.78125,0.825,0.11699327288680901,0.029248318221702253,0.14624159110851126,0.1188707280832095,1.8518518518518519
SNGP + Muon,0,0.825,0.8687499999999999,0.11699327288680901,0.17548990933021352,0.2924831822170225,0.1188707280832095,11.11111111111111
SNGP + Muon,0,0.8687499999999999,0.9125,0.3217315004387248,0.14624159110851126,0.46797309154723604,0.32689450222882616,9.25925925925926
SNGP + Muon,0,0.9125,0.9562499999999999,0.6434630008774496,0.20473822755191576,0.8482012284293653,0.6537890044576523,12.962962962962964
SNGP + Muon,0,0.9562499999999999,1.0,96.78268499561275,0.584966364434045,97.36765136004679,98.33580980683507,37.03703703703704
SNGP + Muon,1,0.125,0.16875,0.0,0.0,0.0,0.0,0.0
SNGP + Muon,1,0.16875,0.2125,0.0,0.0,0.0,0.0,0.0
SNGP + Muon,1,0.2125,0.25625,0.0,0.0,0.0,0.0,0.0
SNGP + Muon,1,0.25625,0.3,0.0,0.0,0.0,0.0,0.0
SNGP + Muon,1,0.3,0.34375,0.0,0.0,0.0,0.0,0.0
SNGP + Muon,1,0.34375,0.38749999999999996,0.0,0.0,0.0,0.0,0.0
SNGP + Muon,1,0.38749999999999996,0.43124999999999997,0.0,0.0,0.0,0.0,0.0
SNGP + Muon,1,0.43124999999999997,0.475,0.0,0.0,0.0,0.0,0.0
SNGP + Muon,1,0.475,0.51875,0.029248318221702253,0.0,0.029248318221702253,0.0297441998810232,0.0
SNGP + Muon,1,0.51875,0.5625,0.058496636443404505,0.058496636443404505,0.11699327288680901,0.0594883997620464,3.508771929824561
SNGP + Muon,1,0.5625,0.60625,0.11699327288680901,0.08774495466510676,0.20473822755191579,0.1189767995240928,5.2631578947368425
SNGP + Muon,1,0.60625,0.6499999999999999,0.058496636443404505,0.058496636443404505,0.11699327288680901,0.0594883997620464,3.508771929824561
SNGP + Muon,1,0.6499999999999999,0.69375,0.058496636443404505,0.029248318221702253,0.08774495466510676,0.0594883997620464,1.7543859649122806
SNGP + Muon,1,0.69375,0.7374999999999999,0.14624159110851126,0.058496636443404505,0.20473822755191576,0.148720999405116,3.508771929824561
SNGP + Muon,1,0.7374999999999999,0.78125,0.14624159110851126,0.058496636443404505,0.20473822755191576,0.148720999405116,3.508771929824561
SNGP + Muon,1,0.78125,0.825,0.23398654577361802,0.08774495466510676,0.3217315004387248,0.2379535990481856,5.2631578947368425
SNGP + Muon,1,0.825,0.8687499999999999,0.23398654577361802,0.17548990933021352,0.40947645510383157,0.2379535990481856,10.526315789473685
SNGP + Muon,1,0.8687499999999999,0.9125,0.35097981866042705,0.058496636443404505,0.40947645510383157,0.35693039857227843,3.508771929824561
SNGP + Muon,1,0.9125,0.9562499999999999,0.4972214097689383,0.38022813688212925,0.8774495466510676,0.5056513979773944,22.80701754385965
SNGP + Muon,1,0.9562499999999999,1.0,96.40245685873062,0.6142146826557473,97.01667154138636,98.03688280785246,36.8421052631579
SNGP + Muon,2,0.125,0.16875,0.0,0.0,0.0,0.0,0.0
SNGP + Muon,2,0.16875,0.2125,0.0,0.0,0.0,0.0,0.0
SNGP + Muon,2,0.2125,0.25625,0.0,0.0,0.0,0.0,0.0
SNGP + Muon,2,0.25625,0.3,0.0,0.0,0.0,0.0,0.0
SNGP + Muon,2,0.3,0.34375,0.0,0.0,0.0,0.0,0.0
SNGP + Muon,2,0.34375,0.38749999999999996,0.0,0.029248318221702253,0.029248318221702253,0.0,1.2658227848101267
SNGP + Muon,2,0.38749999999999996,0.43124999999999997,0.0,0.0,0.0,0.0,0.0
SNGP + Muon,2,0.43124999999999997,0.475,0.029248318221702253,0.0,0.029248318221702253,0.029940119760479042,0.0
SNGP + Muon,2,0.475,0.51875,0.0,0.029248318221702253,0.029248318221702253,0.0,1.2658227848101267
SNGP + Muon,2,0.51875,0.5625,0.08774495466510676,0.11699327288680901,0.20473822755191579,0.08982035928143713,5.063291139240507
SNGP + Muon,2,0.5625,0.60625,0.029248318221702253,0.26323486399532026,0.2924831822170225,0.029940119760479042,11.39240506329114
SNGP + Muon,2,0.60625,0.6499999999999999,0.029248318221702253,0.08774495466510676,0.11699327288680901,0.029940119760479042,3.7974683544303796
SNGP + Muon,2,0.6499999999999999,0.69375,0.08774495466510676,0.058496636443404505,0.14624159110851126,0.08982035928143713,2.5316455696202533
SNGP + Muon,2,0.69375,0.7374999999999999,0.11699327288680901,0.08774495466510676,0.20473822755191579,0.11976047904191617,3.7974683544303796
SNGP + Muon,2,0.7374999999999999,0.78125,0.11699327288680901,0.08774495466510676,0.20473822755191579,0.11976047904191617,3.7974683544303796
SNGP + Muon,2,0.78125,0.825,0.38022813688212925,0.08774495466510676,0.467973091547236,0.38922155688622756,3.7974683544303796
SNGP + Muon,2,0.825,0.8687499999999999,0.23398654577361802,0.17548990933021352,0.40947645510383157,0.23952095808383234,7.594936708860759
SNGP + Muon,2,0.8687499999999999,0.9125,0.4387247733255338,0.14624159110851126,0.584966364434045,0.4491017964071856,6.329113924050633
SNGP + Muon,2,0.9125,0.9562499999999999,0.9066978648727698,0.20473822755191576,1.1114360924246856,0.9281437125748503,8.860759493670885
SNGP + Muon,2,0.9562499999999999,1.0,95.23252412986254,0.9359461830944721,96.16847031295701,97.48502994011976,40.50632911392405
SNGP + Muon,3,0.125,0.16875,0.0,0.0,0.0,0.0,0.0
SNGP + Muon,3,0.16875,0.2125,0.0,0.0,0.0,0.0,0.0
SNGP + Muon,3,0.2125,0.25625,0.0,0.0,0.0,0.0,0.0
SNGP + Muon,3,0.25625,0.3,0.0,0.0,0.0,0.0,0.0
SNGP + Muon,3,0.3,0.34375,0.0,0.0,0.0,0.0,0.0
SNGP + Muon,3,0.34375,0.38749999999999996,0.029248318221702253,0.029248318221702253,0.058496636443404505,0.030358227079538554,0.8
SNGP + Muon,3,0.38749999999999996,0.43124999999999997,0.08774495466510676,0.058496636443404505,0.14624159110851126,0.09107468123861566,1.6
SNGP + Muon,3,0.43124999999999997,0.475,0.08774495466510676,0.029248318221702253,0.11699327288680901,0.09107468123861566,0.8
SNGP + Muon,3,0.475,0.51875,0.058496636443404505,0.20473822755191576,0.26323486399532026,0.06071645415907711,5.6
SNGP + Muon,3,0.51875,0.5625,0.08774495466510676,0.17548990933021352,0.26323486399532026,0.09107468123861566,4.8
SNGP + Muon,3,0.5625,0.60625,0.14624159110851126,0.23398654577361802,0.3802281368821293,0.15179113539769276,6.4
SNGP + Muon,3,0.60625,0.6499999999999999,0.3217315004387248,0.26323486399532026,0.584966364434045,0.3339404978749241,7.2
SNGP + Muon,3,0.6499999999999999,0.69375,0.17548990933021352,0.058496636443404505,0.23398654577361802,0.18214936247723132,1.6
SNGP + Muon,3,0.69375,0.7374999999999999,0.2924831822170225,0.14624159110851126,0.4387247733255338,0.3035822707953855,4.0
SNGP + Muon,3,0.7374999999999999,0.78125,0.4387247733255338,0.11699327288680901,0.5557180462123428,0.4553734061930783,3.2
SNGP + Muon,3,0.78125,0.825,0.46797309154723604,0.14624159110851126,0.6142146826557473,0.48573163327261687,4.0
SNGP + Muon,3,0.825,0.8687499999999999,0.5264697279906405,0.3217315004387248,0.8482012284293653,0.546448087431694,8.8
SNGP + Muon,3,0.8687499999999999,0.9125,0.5264697279906405,0.11699327288680901,0.6434630008774496,0.546448087431694,3.2
SNGP + Muon,3,0.9125,0.9562499999999999,1.1114360924246856,0.38022813688212925,1.4916642293068147,1.153612629022465,10.4
SNGP + Muon,3,0.9562499999999999,1.0,91.98596080725358,1.374670956420006,93.36063176367358,95.47662416514875,37.6
SNGP + Muon,4,0.125,0.16875,0.0,0.0,0.0,0.0,0.0
SNGP + Muon,4,0.16875,0.2125,0.0,0.029248318221702253,0.029248318221702253,0.0,0.3787878787878788
SNGP + Muon,4,0.2125,0.25625,0.0,0.029248318221702253,0.029248318221702253,0.0,0.3787878787878788
SNGP + Muon,4,0.25625,0.3,0.029248318221702253,0.029248318221702253,0.058496636443404505,0.03169572107765452,0.3787878787878788
SNGP + Muon,4,0.3,0.34375,0.0,0.17548990933021352,0.17548990933021352,0.0,2.272727272727273
SNGP + Muon,4,0.34375,0.38749999999999996,0.08774495466510676,0.23398654577361802,0.3217315004387248,0.09508716323296355,3.0303030303030303
SNGP + Muon,4,0.38749999999999996,0.43124999999999997,0.08774495466510676,0.20473822755191576,0.2924831822170225,0.09508716323296355,2.6515151515151514
SNGP + Muon,4,0.43124999999999997,0.475,0.20473822755191576,0.23398654577361802,0.4387247733255338,0.2218700475435816,3.0303030303030303
SNGP + Muon,4,0.475,0.51875,0.35097981866042705,0.20473822755191576,0.5557180462123428,0.3803486529318542,2.6515151515151514
SNGP + Muon,4,0.51875,0.5625,0.3217315004387248,0.3217315004387248,0.6434630008774496,0.3486529318541997,4.166666666666667
SNGP + Muon,4,0.5625,0.60625,0.20473822755191576,0.4387247733255338,0.6434630008774496,0.2218700475435816,5.681818181818182
SNGP + Muon,4,0.60625,0.6499999999999999,0.46797309154723604,0.4094764551038315,0.8774495466510676,0.5071315372424723,5.303030303030303
SNGP + Muon,4,0.6499999999999999,0.69375,0.46797309154723604,0.38022813688212925,0.8482012284293653,0.5071315372424723,4.924242424242424
SNGP + Muon,4,0.69375,0.7374999999999999,0.23398654577361802,0.4387247733255338,0.6727113190991518,0.25356576862123614,5.681818181818182
SNGP + Muon,4,0.7374999999999999,0.78125,0.4387247733255338,0.38022813688212925,0.818952910207663,0.4754358161648177,4.924242424242424
SNGP + Muon,4,0.78125,0.825,0.4972214097689383,0.3217315004387248,0.8189529102076631,0.5388272583201268,4.166666666666667
SNGP + Muon,4,0.825,0.8687499999999999,0.4094764551038315,0.46797309154723604,0.8774495466510676,0.4437400950871632,6.0606060606060606
SNGP + Muon,4,0.8687499999999999,0.9125,0.8482012284293653,0.2924831822170225,1.1406844106463878,0.919175911251981,3.787878787878788
SNGP + Muon,4,0.9125,0.9562499999999999,1.5501608657502193,0.7019596373208541,2.2521205030710734,1.6798732171156894,9.090909090909092
SNGP + Muon,4,0.9562499999999999,1.0,86.07780052646973,2.427610412401287,88.50541093887102,93.28050713153725,31.439393939393938
SNGP + Muon,5,0.125,0.16875,0.0,0.029248318221702253,0.029248318221702253,0.0,0.1953125
SNGP + Muon,5,0.16875,0.2125,0.029248318221702253,0.058496636443404505,0.08774495466510676,0.03439972480220158,0.390625
SNGP + Muon,5,0.2125,0.25625,0.08774495466510676,0.11699327288680901,0.20473822755191579,0.10319917440660474,0.78125
SNGP + Muon,5,0.25625,0.3,0.11699327288680901,0.2924831822170225,0.4094764551038315,0.13759889920880633,1.953125
SNGP + Muon,5,0.3,0.34375,0.11699327288680901,0.20473822755191576,0.3217315004387248,0.13759889920880633,1.3671875
SNGP + Muon,5,0.34375,0.38749999999999996,0.0,0.38022813688212925,0.38022813688212925,0.0,2.5390625
SNGP + Muon,5,0.38749999999999996,0.43124999999999997,0.08774495466510676,0.4972214097689383,0.584966364434045,0.10319917440660474,3.3203125
SNGP + Muon,5,0.43124999999999997,0.475,0.11699327288680901,0.7019596373208541,0.8189529102076631,0.13759889920880633,4.6875
SNGP + Muon,5,0.475,0.51875,0.38022813688212925,0.5557180462123428,0.935946183094472,0.44719642242862057,3.7109375
SNGP + Muon,5,0.51875,0.5625,0.4972214097689383,0.7019596373208541,1.1991810470897923,0.5847953216374269,4.6875
SNGP + Muon,5,0.5625,0.60625,0.35097981866042705,0.5264697279906405,0.8774495466510676,0.41279669762641896,3.515625
SNGP + Muon,5,0.60625,0.6499999999999999,0.38022813688212925,0.7897045919859608,1.16993272886809,0.44719642242862057,5.2734375
SNGP + Muon,5,0.6499999999999999,0.69375,0.4387247733255338,0.46797309154723604,0.9066978648727698,0.5159958720330238,3.125
SNGP + Muon,5,0.69375,0.7374999999999999,0.4972214097689383,0.7312079555425564,1.2284293653114946,0.5847953216374269,4.8828125
SNGP + Muon,5,0.7374999999999999,0.78125,0.46797309154723604,0.6142146826557473,1.0821877742029833,0.5503955968352253,4.1015625
SNGP + Muon,5,0.78125,0.825,0.818952910207663,0.5557180462123428,1.374670956420006,0.9631922944616443,3.7109375
SNGP + Muon,5,0.825,0.8687499999999999,0.7019596373208541,0.6434630008774496,1.3454226381983037,0.8255933952528379,4.296875
SNGP + Muon,5,0.8687499999999999,0.9125,1.052939455981281,0.818952910207663,1.871892366188944,1.238390092879257,5.46875
SNGP + Muon,5,0.9125,0.9562499999999999,1.959637320854051,1.4039192746417082,3.3635565954957594,2.304781561747506,9.375
SNGP + Muon,5,0.9562499999999999,1.0,76.92307692307692,4.884469143024276,81.8075460661012,90.47127622979016,32.6171875
