arm,seed,knob,trained,fitted,acc,nll,brier,smece,auroc_msp_cifar10,auroc_msp_svhn,auroc_ds_cifar10,auroc_ds_svhn,auroc_var_cifar10,auroc_var_svhn,fpr95_msp_cifar10,fpr95_msp_svhn
baseline,12345,temperature,1.0,1.31423,0.8045,0.7562136624627473,0.2786187230259916,0.036520597938111375,0.8116575699999999,0.6884780270436386,0.8142196099999999,0.7068144399200983,,,0.7729,0.8803779963122311
baseline,1,temperature,1.0,1.31019,0.8092,0.7508138338357184,0.27412767607617977,0.03560118723163762,0.81117685,0.7456056622618317,0.8117713499999999,0.7612090273509526,,,0.7745,0.8520282728948986
baseline,2,temperature,1.0,1.30339,0.8046,0.7651227353314881,0.28056089562592623,0.037024059755074924,0.8074188399999999,0.7586565957283343,0.81031189,0.780802819606638,,,0.7622,0.8313229870928088
sngp,12345,mean_field_factor,7.5,32.4822,0.7973,0.7674558748529846,0.283942879063591,0.03650111976064924,0.80326647,0.7653527696681008,0.80527914,0.8027093423478795,0.428219845,0.5638224646588814,0.7782,0.8317071296865396
sngp,1,mean_field_factor,7.5,32.4396,0.8055,0.7562865489408354,0.27786715040030446,0.03561389608024729,0.80922445,0.755937004456054,0.8111576799999999,0.8028778925937308,0.43158934,0.599616489320836,0.7661,0.8368930547019053
sngp,2,mean_field_factor,7.5,32.5702,0.8047,0.7561338358764443,0.27665471079500437,0.03240111688350114,0.80509883,0.7647131645666871,0.80810838,0.8083652389366933,0.450989305,0.5772641671788568,0.7783,0.8165719114935464
specreg,12345,mean_field_factor,7.5,34.7417,0.8047,0.750160900721528,0.27689763915920895,0.03128381887358658,0.81097229,0.7908889021204671,0.8133525,0.8285428126920713,0.3131575,0.4578922287953288,0.7711,0.8130377996312231
specreg,1,mean_field_factor,7.5,35.3972,0.8084,0.7361192004319052,0.2743978158226261,0.03318608794597361,0.80857845,0.7917802512292563,0.8100362299999999,0.8295800361094038,0.31397741999999995,0.40643554471419785,0.7712,0.8010525507068224
specreg,2,mean_field_factor,7.5,35.8096,0.8013,0.7554141856576476,0.279037419867942,0.025341160312472535,0.8080201399999999,0.8017199907805777,0.8096407800000001,0.8408446104794101,0.315153935,0.36659473340503995,0.766,0.7681315304240934
els,12345,mean_field_factor,7.5,42.6779,0.7998,0.747189843854488,0.28134272029033475,0.026755586605343797,0.7963982600000001,0.7737572487707437,0.78862634,0.8309795905039952,0.32834136999999997,0.4818684311616472,0.7723,0.8168023970497849
els,1,mean_field_factor,7.5,43.2741,0.7965,0.748227351298227,0.2843212100368637,0.026390833536046897,0.7942148099999999,0.8037141172403196,0.78335665,0.8662044214812539,0.338364325,0.4414215907344806,0.7873,0.7695144437615242
els,2,mean_field_factor,7.5,43.3911,0.7972,0.7584551920500796,0.2837648079420375,0.022644960170335352,0.79385645,0.8274313076213891,0.7818269,0.8742117201905346,0.34168270999999995,0.4239975606945298,0.7775,0.746619545175169
ols,12345,mean_field_factor,7.5,50.6313,0.7999,0.7546104702524872,0.28386404677152927,0.026317139223610946,0.78948353,0.7797708666256915,0.76924291,0.8174288529502152,0.3046509,0.24946590926551937,0.7786,0.809157959434542
ols,1,mean_field_factor,7.5,49.2073,0.7996,0.754041025091122,0.2825861341676319,0.028517078885400008,0.7912249999999998,0.7608119967732022,0.76905863,0.7904843577135832,0.28549222500000004,0.3348910782882606,0.7737,0.8213352796558082
ols,2,mean_field_factor,7.5,47.4201,0.8001,0.761127411177849,0.2861557200002796,0.027240049549585935,0.778984145,0.7595096304548248,0.747140985,0.7955446373693915,0.292616495,0.3067139040411801,0.7867,0.842501536570375
muon_pw0,12345,mean_field_factor,7.5,191.076,0.7626,0.8854879535708662,0.3294698173547259,0.01727758473878986,0.7614855249999999,0.8119819760295022,0.7135307150000001,0.8777143746158576,0.370312945,0.42725685694529814,0.8313,0.7573755377996312
muon_pw01,12345,mean_field_factor,7.5,113.539,0.7729,0.8282456948503716,0.3152544150464963,0.015720302953193384,0.76845097,0.7507062192685925,0.73208784,0.844080393362016,0.410265025,0.41605968039336205,0.8219,0.7961739397664414
muon_wsd0,12345,mean_field_factor,7.5,240.421,0.7537,0.912867690487198,0.3364010147340122,0.01684277914056572,0.76242486,0.8249453518746158,0.7228906800000001,0.8853367393976644,0.387799,0.5670774143362015,0.8275,0.728680086047941
muon_wsd01,12345,mean_field_factor,7.5,63.4589,0.7462,0.9003208490954275,0.34405816442440723,0.012670921871284718,0.7600581599999999,0.8300555508604794,0.7205080399999999,0.8919373463429625,0.43101628,0.470369604717271,0.8324,0.6992931776275353
cos_sngp,12345,mean_field_factor,7.5,34.3422,0.7993,0.7696876523077234,0.2859282187906232,0.03425751671302099,0.7986809549999999,0.7577826982175784,0.799531945,0.8197643822987093,0.39340172500000004,0.5950737649815612,0.7828,0.8409265519360787
cos_specreg,12345,mean_field_factor,7.5,35.9216,0.8052,0.7427363823078086,0.2763559046435113,0.027647531367153127,0.80324565,0.7983760717578365,0.7966781999999999,0.8557015250460971,0.315013025,0.352758885218193,0.7679,0.7998232944068838
cos_muon01,12345,mean_field_factor,7.5,95.0472,0.7635,0.8501076908304387,0.3240685843994646,0.01437447063035565,0.77244971,0.7793240127535341,0.73529351,0.8673830669944683,0.41588567500000007,0.44982349416103257,0.8085,0.7495774431468961
cos_muonsgd01,12345,mean_field_factor,7.5,68.6522,0.7906,0.7571866741662819,0.2922372667927372,0.024168662642544518,0.786188645,0.7465412223417331,0.7556378149999998,0.8327643861401353,0.35109757999999996,0.3759530750614628,0.792,0.8084280885064536
cos_muonsgd0,12345,mean_field_factor,7.5,29.7107,0.7903,0.8355398301906105,0.2977754743894322,0.03537467423366572,0.804431495,0.8281481215427167,0.8114147549999999,0.8523317071296866,0.296524505,0.4301589332360172,0.7786,0.7355178242163491
cos_muonsgd_bnsn01,12345,mean_field_factor,7.5,0.0,0.7793,0.918387552321182,0.33008455761576944,0.12197194983356256,0.8074510949999999,0.8256902466195453,0.813920375,0.8590764981561156,0.21171808,0.49810565649969274,0.7853,0.7917562999385371
