arm,seed,knob,trained,fitted,scored_knob,acc,nll,brier,smece,auroc_msp_cifar10,auroc_msp_svhn,auroc_ds_cifar10,auroc_ds_svhn,auroc_var_cifar10,auroc_var_svhn,fpr95_msp_cifar10,fpr95_msp_svhn
baseline,12345,temperature,1.0,1.31423,1.0,0.8045,0.8067123433278736,0.29033132124584965,0.08003595699343449,0.80710746,0.6803616164720344,0.81504923,0.7059132798094652,,,0.7752,0.8841041794714198
baseline,1,temperature,1.0,1.31019,1.0,0.8092,0.7981872055590918,0.2834931265674209,0.0735164213775531,0.80693789,0.7394218807621389,0.81276555,0.760466671788568,,,0.7747,0.8539105716041795
baseline,2,temperature,1.0,1.30339,1.0,0.8046,0.8172665286389216,0.29157010182981724,0.08001988062570493,0.8029008399999998,0.7506752266441303,0.8109951200000001,0.7795797940995698,,,0.7648,0.8274047326367547
sngp,12345,mean_field_factor,7.5,32.4822,0.39269908169872414,0.7973,0.8270168413020125,0.2977669413996622,0.0849713693571317,0.80428863,0.7462367701290719,0.81447269,0.7847207437000614,0.428219845,0.5638224646588814,0.7833,0.8483789182544561
sngp,1,mean_field_factor,7.5,32.4396,0.39269908169872414,0.8055,0.8162232605211867,0.2895106720138741,0.07778936680442299,0.81063327,0.7357862400122926,0.82196669,0.7812655923478795,0.43158934,0.599616489320836,0.7713,0.8604409956976029
sngp,2,mean_field_factor,7.5,32.5702,0.39269908169872414,0.8047,0.8118840337844364,0.2876420557324218,0.07732191424708997,0.80536443,0.7450375614628151,0.8154346299999999,0.7915864128764597,0.450989305,0.5772641671788568,0.775,0.8393131530424094
specreg,12345,mean_field_factor,7.5,34.7417,0.39269908169872414,0.8047,0.7978511032214228,0.2861545723845363,0.07043796760392851,0.8128088,0.7735512138905962,0.8234242500000001,0.8102365281192379,0.3131575,0.4578922287953288,0.7709,0.8247157344806392
specreg,1,mean_field_factor,7.5,35.3972,0.39269908169872414,0.8084,0.7822387767249934,0.2834460775737492,0.06805758425055124,0.81078721,0.782011950676091,0.8197354,0.8208579978488015,0.31397741999999995,0.40643554471419785,0.7731,0.8149585125998771
specreg,2,mean_field_factor,7.5,35.8096,0.39269908169872414,0.8013,0.8040947194178176,0.2889121625171948,0.07205950697638626,0.81020962,0.7914782075906577,0.8203495099999999,0.8372725069145667,0.315153935,0.36659473340503995,0.7702,0.7862630608481869
els,12345,mean_field_factor,7.5,42.6779,0.39269908169872414,0.7998,0.8167574791331381,0.29351898919132846,0.07917828755649302,0.80159746,0.7540008873693915,0.81530803,0.8181330746773202,0.32834136999999997,0.4818684311616472,0.7728,0.8364704978488015
els,1,mean_field_factor,7.5,43.2741,0.39269908169872414,0.7965,0.8180212297971241,0.29791288032411056,0.08281079774124177,0.7994292000000001,0.7848365588506454,0.8102602,0.8573126536570375,0.338364325,0.4414215907344806,0.7877,0.7999769514443762
els,2,mean_field_factor,7.5,43.3911,0.39269908169872414,0.7972,0.8324174167671763,0.2976574952302115,0.08280173163032431,0.7992329,0.8144318415795944,0.8109561699999999,0.8717918408113091,0.34168270999999995,0.4239975606945298,0.7788,0.7745467117393977
ols,12345,mean_field_factor,7.5,50.6313,0.39269908169872414,0.7999,0.8438215476897816,0.29887858005782725,0.08906199040298075,0.79938734,0.7869456169330056,0.80930698,0.8495981753226798,0.3046509,0.24946590926551937,0.7757,0.8058159188690842
ols,1,mean_field_factor,7.5,49.2073,0.39269908169872414,0.7996,0.8452136600252527,0.2977104869006222,0.08882730542883359,0.80161207,0.764239278580209,0.8121258600000001,0.8102639559004302,0.28549222500000004,0.3348910782882606,0.7782,0.8359326982175783
ols,2,mean_field_factor,7.5,47.4201,0.39269908169872414,0.8001,0.8507708527813739,0.30059761298116416,0.09066407363211287,0.7931905749999999,0.7672475414874,0.798565135,0.8300460510141364,0.292616495,0.3067139040411801,0.7926,0.8485325752919484
muon_pw0,12345,mean_field_factor,7.5,191.076,0.39269908169872414,0.7626,1.412194792104787,0.38383107056593135,0.14684884768619255,0.758266925,0.7689930431776275,0.753011285,0.8798726067916411,0.370312945,0.42725685694529814,0.8416,0.8344345421020283
muon_pw01,12345,mean_field_factor,7.5,113.539,0.39269908169872414,0.7729,1.1061740050396969,0.3503626537837334,0.12312291877070504,0.7620801500000002,0.715227016748617,0.7534041699999999,0.8435610825138291,0.410265025,0.41605968039336205,0.8277,0.8451137062077443
muon_wsd0,12345,mean_field_factor,7.5,240.421,0.39269908169872414,0.7537,1.577530531977761,0.40287354867390895,0.15935035049125335,0.75689651,0.7713848955132145,0.75607769,0.8598386063306698,0.387799,0.5670774143362015,0.8466,0.8326674861708666
muon_wsd01,12345,mean_field_factor,7.5,63.4589,0.39269908169872414,0.7462,1.0708016631010637,0.37081490508666787,0.11506745419246109,0.75253845,0.7973243469575907,0.73782364,0.8921429817148125,0.43101628,0.470369604717271,0.8413,0.7669022741241549
cos_sngp,12345,mean_field_factor,7.5,34.3422,0.39269908169872414,0.7993,0.8325385995366776,0.2976436444266116,0.07775401432022189,0.800798965,0.7270731868469577,0.8152866350000001,0.790297245697603,0.39340172500000004,0.5950737649815612,0.7848,0.8656653349723418
cos_specreg,12345,mean_field_factor,7.5,35.9216,0.39269908169872414,0.8052,0.7936700884470617,0.2857618458604671,0.06998100544445998,0.8081187099999999,0.7886178703134603,0.8165689700000001,0.8527155462507683,0.315013025,0.352758885218193,0.7668,0.8049708051628764
cos_muon01,12345,mean_field_factor,7.5,95.0472,0.39269908169872414,0.7635,1.0978489702726255,0.3581927679969285,0.12471865736121673,0.7652559,0.7426040334972341,0.7560143400000001,0.8645212238783035,0.41588567500000007,0.44982349416103257,0.8232,0.8142670559311617
cos_muonsgd01,12345,mean_field_factor,7.5,68.6522,0.39269908169872414,0.7906,0.8971734761243817,0.31461209831267023,0.10075468573647789,0.7885645749999999,0.7250181468961279,0.794181755,0.842199996158574,0.35109757999999996,0.3759530750614628,0.798,0.840158266748617
cos_muonsgd0,12345,mean_field_factor,7.5,29.7107,0.39269908169872414,0.7903,0.8747696163896624,0.3051500762636465,0.0674374533452821,0.8064475350000002,0.8189231561155501,0.8203578750000001,0.8423335586969883,0.296524505,0.4301589332360172,0.7715,0.7473494161032576
cos_muonsgd_bnsn01,12345,mean_field_factor,7.5,0.0,0.39269908169872414,0.7793,0.9190900413600924,0.33025038635485027,0.12250839753553806,0.80744808,0.8258315381069454,0.81388401,0.8592477911800861,0.21171808,0.49810565649969274,0.7851,0.7915258143822987
cos_muonsgd_ln01,12345,mean_field_factor,7.5,52.1515,0.39269908169872414,0.7888,0.8792995702296803,0.31248775619999763,0.0939362734076251,0.7905470099999999,0.7668615934234788,0.78741064,0.8624537069760294,0.6609899499999999,0.6070428415027658,0.7939,0.7790027658266748
cos_muonsgd01_l2,12345,mean_field_factor,7.5,45.0321,0.39269908169872414,0.786,0.8686181273247039,0.31252963227524044,0.09210805767964515,0.784370025,0.7572850299631223,0.776298435,0.8336698448063922,0.35044764,0.3118531115550092,0.8041,0.8331668715427166
cos_muonsgd01_l3.5,12345,mean_field_factor,7.5,53.9341,0.39269908169872414,0.7894,0.8755564123467428,0.31132809417886803,0.09296130908826981,0.78269471,0.7195074946220037,0.77795391,0.8210214697295637,0.35411295,0.4054307871081746,0.8066,0.8322833435771358
cos_muonsgd01_l14,12345,mean_field_factor,7.5,80.1374,0.39269908169872414,0.793,0.9151831086618895,0.31397243970602395,0.1019352457350696,0.79504497,0.7444078633988938,0.80072816,0.8281357790411801,0.32668696999999997,0.35688655116779344,0.7905,0.8209895513214506
cos_muonsgd01_l20,12345,mean_field_factor,7.5,75.7626,0.39269908169872414,0.7964,0.8777861490041808,0.30620735682694455,0.09363964730316918,0.79854548,0.7522705285802089,0.8086674300000001,0.8311140365703749,0.312616045,0.33920791333743083,0.799,0.8259449907805777
cos_baseline,12345,temperature,1.0,1.23128,1.0,0.8047,0.8000719731781957,0.2860557153419307,0.06974045226727484,0.80572372,0.7461399969268593,0.8160203800000001,0.7592718461893055,,,0.7797,0.8578672403196066
cos_baseline_muonsgd01,12345,temperature,1.0,1.51389,1.0,0.7963,0.8654259672147713,0.30524296522209476,0.0884320808538586,0.80114241,0.7236971419791026,0.81352078,0.7900026198524892,,,0.7993,0.8408881376767056
