seed,kind,length_scale,rff_dim,median_norm,rho,log_ev_recipe,log_ev_type2,alpha,noise,log_ev_val_type2,val_alpha,val_noise
12345,median,6.845719796234184,0,6.841889381408691,,,,,,,,
12345,evidence,1.0,1024,6.841889381408691,6.841889381408691,-103.74011888083724,90.02267958441779,952085.8912451734,0.009402634043821039,88.3934318740771,3285605.8895470076,0.009844027155247174
12345,evidence,1.5,1024,6.841889381408691,4.561259587605794,-103.54944658019127,108.51761440101453,223724.14031611852,0.00627111043407864,91.34784789258885,327863.42359794665,0.008286151118132416
12345,evidence,2.0,1024,6.841889381408691,3.4209446907043457,-103.28546579556384,137.52914838421546,185548.21891769217,0.003459526718912378,101.3515231827296,188744.6772827749,0.006223526144844398
12345,evidence,2.5,1024,6.841889381408691,2.7367557525634765,-103.00471460748108,159.9739393296781,186873.75325530802,0.002195854747315988,110.05544586579451,162159.13549879112,0.005092732682173629
12345,evidence,3.0,1024,6.841889381408691,2.280629793802897,-102.69697290270229,172.86755120647766,174865.27576104627,0.0016937619543674993,115.07690778194188,141807.5350863125,0.004594526373495759
12345,evidence,4.0,1024,6.841889381408691,1.7104723453521729,-102.04557441554428,181.19756961120427,122382.59980527716,0.0014349475212333388,118.73165697532403,99572.83331066533,0.004322743875154102
12345,evidence,5.0,1024,6.841889381408691,1.3683778762817382,-101.42247374322375,181.54355810183043,76187.52808625005,0.0014270790827226054,119.40843121456103,66242.2958820683,0.004312237924971737
12345,evidence,7.0,1024,6.841889381408691,0.9774127687726702,-100.3612644470487,179.12455955617165,30066.48116488239,0.0014994647455424917,119.08854811050259,30496.69968007774,0.0043901125337144405
12345,evidence,10.0,1024,6.841889381408691,0.6841889381408691,-99.16226238225457,176.575534037902,9568.443884483471,0.0015764344525223233,118.26428976266254,11978.734290816357,0.004489759866698257
12345,evidence,14.0,1024,6.841889381408691,0.4887063843863351,-98.01788584372316,174.8720492024364,3030.6250851976533,0.0016271993890897454,117.43707790542753,4840.771713551703,0.004577398261908571
12345,evidence,20.0,1024,6.841889381408691,0.34209446907043456,-96.83072613721293,173.62539019458268,858.4411021484118,0.0016619600825159566,116.57421961724447,1928.210893435904,0.004672936259241421
12345,evidence,30.0,1024,6.841889381408691,0.22806297938028972,-95.58944438484995,172.61153730456957,196.5039040002621,0.0016863334416714183,115.66926603129585,765.9361820635104,0.004799166811124714
1,median,6.778130165994677,0,6.794098854064941,,,,,,,,
1,evidence,1.0,1024,6.794098854064941,6.794098854064941,-103.7404966234749,90.00748458606014,951093.3466074552,0.009405347115701325,88.39129572460239,3420613.6579573913,0.009850150719385898
1,evidence,1.5,1024,6.794098854064941,4.529399236043294,-103.5486233496373,108.65256913037621,222161.98705728876,0.006252876154690732,91.32229103840805,327858.25900627,0.008291331240500492
1,evidence,2.0,1024,6.794098854064941,3.3970494270324707,-103.28266430408756,137.66096642272362,185554.58301888683,0.0034503738179711444,101.2921485054281,188195.4421700044,0.006230267732636776
1,evidence,2.5,1024,6.794098854064941,2.7176395416259767,-102.99728223155952,159.924055303125,186725.4734289079,0.0021983822967569597,110.08346474342324,161014.77487029583,0.005086908254796406
1,evidence,3.0,1024,6.794098854064941,2.264699618021647,-102.68505178908397,172.27077477733738,172983.4473794501,0.0017145780298639733,115.02302367993082,140960.8039592871,0.004600763214419603
1,evidence,4.0,1024,6.794098854064941,1.6985247135162354,-102.02836389915306,179.98342665968113,118884.81747220638,0.0014706076218422646,118.58411148934323,98594.65641864498,0.004336764730103442
1,evidence,5.0,1024,6.794098854064941,1.3588197708129883,-101.40221485536942,180.10745701641275,73367.98629395425,0.0014690022054268995,119.15946044071374,65619.19216109738,0.004336120016570295
1,evidence,7.0,1024,6.794098854064941,0.970585550580706,-100.33803803384079,177.68104296029637,28682.816078074648,0.0015435129553748276,118.75342609105401,30334.541405586482,0.00442462435138849
1,evidence,10.0,1024,6.794098854064941,0.6794098854064942,-99.13864114902404,175.15958369439463,9147.752032942837,0.0016219321193103574,117.94235133985812,11951.818919221058,0.004525252152246926
1,evidence,14.0,1024,6.794098854064941,0.485292775290353,-97.99160549588542,173.4950671971962,2917.0241886740405,0.0016731925619287032,117.15937880800914,4801.085807309931,0.004609255325847039
1,evidence,20.0,1024,6.794098854064941,0.3397049427032471,-96.79792641050216,172.29820637495212,834.492625109068,0.001707821427164366,116.34146355563928,1874.4610773911047,0.004697977704170862
1,evidence,30.0,1024,6.794098854064941,0.22646996180216472,-95.54489535799351,171.3338471221745,193.36645772208308,0.0017319862472045793,115.45049579223696,717.7920169644162,0.004816866130554953
2,median,6.601903729046678,0,6.5505452156066895,,,,,,,,
2,evidence,1.0,1024,6.5505452156066895,6.5505452156066895,-103.73941589664976,90.0929334272407,913830.0554490524,0.009382807272096394,88.39226476714894,3351068.1839249693,0.009847151120843748
2,evidence,1.5,1024,6.5505452156066895,4.367030143737793,-103.54138235725964,109.61171659812634,216355.57820129007,0.006128084952707724,91.61312030083884,313936.43355683604,0.008201342353076829
2,evidence,2.0,1024,6.5505452156066895,3.2752726078033447,-103.27018617957404,138.7148228856949,184423.96348800536,0.00337693265243455,101.89744457031127,184828.79772019587,0.0061349854439680515
2,evidence,2.5,1024,6.5505452156066895,2.6202180862426756,-102.97720868389007,159.912152652734,183937.73604864522,0.0021990420312863763,110.30573831501617,159817.81824697513,0.005068285557479396
2,evidence,3.0,1024,6.5505452156066895,2.1835150718688965,-102.65742247409496,171.3556721661433,168365.13535847657,0.001746909355200637,115.04982531557906,139004.21950414838,0.004604366931114161
2,evidence,4.0,1024,6.5505452156066895,1.6376363039016724,-101.99341591080474,177.87622020212146,113550.37328899378,0.001534930054743251,118.33774952778481,95939.34815492781,0.0043623072070361184
2,evidence,5.0,1024,6.5505452156066895,1.3101090431213378,-101.36263297413937,177.50691493258998,69258.07618043484,0.0015485514291813122,118.75676093674754,63235.788556796346,0.004373608767356085
2,evidence,7.0,1024,6.5505452156066895,0.9357921736580985,-100.28819233275698,174.9573052364901,26576.225956312686,0.001630853373152765,118.23030436403211,29018.4537546909,0.004473451047090867
2,evidence,10.0,1024,6.5505452156066895,0.6550545215606689,-99.07991305776847,172.54390521144308,8308.875152500847,0.0017094420338853076,117.39565461502364,11480.188721393015,0.004577959862987674
2,evidence,14.0,1024,6.5505452156066895,0.46789608682904926,-97.93507168108111,170.9566404880061,2603.6411684999125,0.0017599097767341783,116.60993360362426,4718.275207964149,0.004665977309408958
2,evidence,20.0,1024,6.5505452156066895,0.32752726078033445,-96.75477948114863,169.81195068067595,731.1224148122791,0.0017933100757873666,115.7998422587852,1923.6672165072625,0.004762190594496625
2,evidence,30.0,1024,6.5505452156066895,0.21835150718688964,-95.52967324075225,168.88493138520354,166.60001012831302,0.0018161186313929135,114.96468294637063,783.1520194291663,0.004887886662066495
