arm,seed,acc,f1,ece,nll,brier,aece,smece,acc_wong_upitt,f1_wong_upitt,ece_wong_upitt,nll_wong_upitt,brier_wong_upitt,aece_wong_upitt,smece_wong_upitt,acc_wong_utsouthwestern,f1_wong_utsouthwestern,ece_wong_utsouthwestern,nll_wong_utsouthwestern,brier_wong_utsouthwestern,aece_wong_utsouthwestern,smece_wong_utsouthwestern,auroc_ent_wong_upitt,auroc_var_wong_upitt,auroc_ent_wong_utsouthwestern,auroc_var_wong_utsouthwestern,auroc_ent_mean,auroc_var_mean
baseline,12345,0.9949367046356201,0.9948591589927673,0.002193100517615676,0.01996757347985867,0.009024718509105184,0.0014454794581979513,0.00431571202352643,0.633608341217041,0.6196945905685425,0.26485854387283325,1.6020801344957858,0.6179190126496347,0.264632910490036,0.2788431644439697,0.7105183601379395,0.6584136486053467,0.23347535729408264,1.3528242633556622,0.5015617998826678,0.23045246303081512,0.2550024092197418,0.7865814999999998,,0.6795604,,0.7330709499999999,
baseline,1,0.9916260838508606,0.9912846684455872,0.0017814328894019127,0.03170413575516858,0.013118210031028192,0.0014941918198019266,0.006164270453155041,0.6671448945999146,0.6593624353408813,0.2484705001115799,1.4261833365065457,0.5497150532500065,0.2484692633152008,0.26273486018180847,0.7047590017318726,0.6546815633773804,0.23400035500526428,1.2798074744655112,0.4989385132940258,0.2340005338191986,0.2551419138908386,0.7769796,,0.6981531999999999,,0.7375664,
baseline,2,0.9898734092712402,0.9894757866859436,0.003206816967576742,0.03078735301035087,0.015644669112524406,0.0024001910351216793,0.007444174028933048,0.654411792755127,0.6426196098327637,0.25129401683807373,1.5283838303072645,0.5868304212787754,0.24109108746051788,0.2547641396522522,0.7244619727134705,0.7027244567871094,0.21821901202201843,1.2811618444500847,0.49017261003283413,0.21698608994483948,0.2410230040550232,0.7720798999999999,,0.6516512,,0.71186555,
baseline,3,0.9945472478866577,0.9944106340408325,0.0019230700563639402,0.02140123592010965,0.00961326539011303,0.0011673097033053637,0.004022316075861454,0.6759325861930847,0.6590246558189392,0.24284982681274414,1.5529361182392927,0.5753307028289045,0.24009941518306732,0.2500857710838318,0.7362837195396423,0.6994011402130127,0.2066701203584671,1.1592294600091573,0.4472990121681785,0.20667001605033875,0.2317364364862442,0.7834076,,0.6722094999999999,,0.72780855,
baseline,4,0.9916260838508606,0.9913614988327026,0.0021286820992827415,0.02431445766441745,0.012064815992081389,0.0028687447775155306,0.005509584676474333,0.6648134589195251,0.6535580158233643,0.24812516570091248,1.4687121663884273,0.560494705371079,0.24812273681163788,0.26204484701156616,0.7499242424964905,0.6980484127998352,0.19170446693897247,1.052047752563511,0.4221469811842183,0.19170315563678741,0.2104831337928772,0.7828115999999999,,0.7202312999999999,,0.7515214499999999,
sngp,12345,0.9894839525222778,0.989199161529541,0.00374153396114707,0.03006986839184373,0.014655537573564867,0.0029953012708574533,0.007272025104612112,0.6730630993843079,0.6555812358856201,0.22699925303459167,1.2459525262940112,0.5269041258177589,0.22699950635433197,0.22985798120498657,0.7396180629730225,0.6839491128921509,0.19143210351467133,0.9627857633456071,0.4283373060678115,0.18342088162899017,0.18829596042633057,0.8049229,0.5190368000000001,0.7376528,0.48445710000000003,0.77128785,0.50174695
sngp,1,0.9931840300559998,0.9928774237632751,0.0029468457214534283,0.023734191626934877,0.010403631527987098,0.0017165575409308076,0.005020465236157179,0.6714490652084351,0.6563210487365723,0.2262892723083496,1.3226139212481907,0.543066910681091,0.22629107534885406,0.228567972779274,0.7150651812553406,0.6614158749580383,0.22140656411647797,1.2199783537465896,0.4877718808807676,0.2170412391424179,0.22429127991199493,0.822931,0.5032047,0.715509,0.4798332,0.76922,0.49151895
sngp,2,0.9925997853279114,0.992431640625,0.003229728201404214,0.026118759194764984,0.012171465933153266,0.0020031696185469627,0.005872669164091349,0.6737805008888245,0.657782793045044,0.22486454248428345,1.2380179011907841,0.5368377374447529,0.2240263968706131,0.2264285832643509,0.7647771835327148,0.7142274975776672,0.16673345863819122,0.8818345695931231,0.3764953393698543,0.16673316061496735,0.17166399955749512,0.8390671,0.5531837,0.7579372999999999,0.5355985999999999,0.7985021999999999,0.5443911499999999
sngp,3,0.9924050569534302,0.9922062754631042,0.002389908768236637,0.028979620391516806,0.012788899255639587,0.0013687495375052094,0.00439796969294548,0.6759325861930847,0.6578558683395386,0.20109155774116516,1.1795531642545805,0.5188239931152999,0.20109164714813232,0.20178592205047607,0.7220369577407837,0.6742449402809143,0.19444522261619568,1.025274792190581,0.4466012916966333,0.19444474577903748,0.19786950945854187,0.8620324,0.4888021,0.7837387,0.4501353,0.8228855500000001,0.4694687
sngp,4,0.9920156002044678,0.9918320775032043,0.004215560387820005,0.02389716865238127,0.010821079370802,0.002644163789227605,0.0063032000325620174,0.6536943912506104,0.6364797353744507,0.2420208901166916,1.2661680037207546,0.5579228766615402,0.23973257839679718,0.24311889708042145,0.7174901366233826,0.6661039590835571,0.21710793673992157,1.0894478126151526,0.47660899871697693,0.21089088916778564,0.21826200187206268,0.8310936,0.5007168,0.732963,0.45842289999999997,0.7820283,0.47956984999999996
bnsn,12345,0.992210328578949,0.9920961856842041,0.0023319274187088013,0.028130065451501738,0.012642914847429593,0.0023566782474517822,0.004978878423571587,0.6917144656181335,0.6767727136611938,0.20086848735809326,1.0962833035251487,0.5023290770860511,0.19647228717803955,0.19883836805820465,0.7317368984222412,0.693565309047699,0.19509673118591309,1.0446182503348946,0.45538689902194135,0.1932884156703949,0.19825808703899384,0.8386362,0.4465241000000001,0.7671632,0.38182469999999996,0.8028997,0.41417440000000005
bnsn,1,0.9924050569534302,0.9922062754631042,0.0015457741683349013,0.027464741359587756,0.012285159254401745,0.0013210074976086617,0.004200818948447704,0.6463414430618286,0.6308919191360474,0.24483752250671387,1.2674328453602532,0.5695968574407372,0.24421897530555725,0.24871668219566345,0.6917247772216797,0.6391913890838623,0.23416614532470703,1.1879699914582884,0.5106842111389335,0.2333686649799347,0.23909753561019897,0.8204247,0.5425446999999999,0.7530918,0.5016359,0.78675825,0.5220902999999999
bnsn,2,0.9920156002044678,0.9919090867042542,0.0023839857894927263,0.02898652108724438,0.012934580891626302,0.0019062927458435297,0.004862155765295029,0.6587159037590027,0.6483249664306641,0.24383261799812317,1.2833844614264636,0.5569668703511333,0.24207723140716553,0.24636229872703552,0.7020308971405029,0.6481623649597168,0.22810812294483185,1.124990199662945,0.4911233815163996,0.2281082719564438,0.23386086523532867,0.8173978999999999,0.5325086000000001,0.7621438,0.5196976999999999,0.78977085,0.52610315
bnsn,3,0.992210328578949,0.9920738935470581,0.002499766880646348,0.02905154852555342,0.012876373758562872,0.0012316867941990495,0.0052040331065654755,0.666786253452301,0.6569045782089233,0.22529511153697968,1.2795435638228048,0.5494622135875715,0.22019872069358826,0.2217571884393692,0.7144589424133301,0.6819095611572266,0.21073904633522034,1.0708899488928143,0.4768253505635273,0.20915953814983368,0.21404942870140076,0.8368363000000001,0.45495805,0.7735925,0.4295254,0.8052144000000001,0.44224172500000003
bnsn,4,0.992210328578949,0.9919427633285522,0.0022018402814865112,0.026691025084232822,0.012020822699950237,0.0030620975885540247,0.00451337406411767,0.6942252516746521,0.6774832010269165,0.19657382369041443,1.129503550428439,0.49785641795087265,0.19595912098884583,0.1974664181470871,0.7453773617744446,0.7183208465576172,0.17904986441135406,0.9925793218241497,0.42655254416533456,0.1734134703874588,0.17631743848323822,0.8337597000000001,0.5098195999999999,0.7780815999999999,0.49204765000000006,0.80592065,0.500933625
specreg,12345,0.9916260838508606,0.9913577437400818,0.0048560891300439835,0.02909868943234978,0.013159867241967133,0.004153483081609011,0.006934497505426407,0.6748565435409546,0.6643960475921631,0.21713103353977203,1.1912933460980417,0.5265587917181604,0.21607859432697296,0.21940794587135315,0.7471961379051208,0.7128840684890747,0.17504635453224182,0.9448704543872816,0.4107662750518891,0.1732887625694275,0.17882715165615082,0.8102067,0.48860089999999995,0.7190993999999999,0.5018897,0.76465305,0.4952453
specreg,1,0.9902629256248474,0.9898755550384521,0.004098429810255766,0.02880177910651162,0.013920887290897134,0.003726591356098652,0.005680298898369074,0.6848995685577393,0.6640390157699585,0.19416868686676025,1.1129951667188909,0.4928558458087757,0.194168359041214,0.19544309377670288,0.7132464647293091,0.6704866886138916,0.20870012044906616,1.0645906275951595,0.46833946927756076,0.20870043337345123,0.21160124242305756,0.8510034,0.5547340000000001,0.7771257000000001,0.5425989,0.8140645500000001,0.54866645
specreg,2,0.9924050569534302,0.992321789264679,0.0028225784189999104,0.02595360701722305,0.011397707077382793,0.0014931957703083754,0.005159254651516676,0.6841822266578674,0.6688721179962158,0.20460839569568634,1.1556217927373018,0.515722878206031,0.20460954308509827,0.20710374414920807,0.7535616755485535,0.7237564325332642,0.17387883365154266,0.9847854241329516,0.4157455102831288,0.16803860664367676,0.17315925657749176,0.8429373,0.49029524999999996,0.7562790999999999,0.5022297,0.7996082,0.496262475
specreg,3,0.992210328578949,0.9921270608901978,0.0027022319845855236,0.02888159005037145,0.012642911818346387,0.0017371401190757751,0.004805915057659149,0.6782639622688293,0.6613328456878662,0.21397608518600464,1.164667864324421,0.5145344508248275,0.21397697925567627,0.2187570184469223,0.7284025549888611,0.681594967842102,0.18987643718719482,1.0705132740376633,0.44581193311851003,0.18987588584423065,0.1929897516965866,0.8106411,0.5400517,0.7518901,0.56178315,0.7812656,0.550917425
specreg,4,0.9918208122253418,0.9915300607681274,0.003616194473579526,0.023884661298146516,0.011517935987115998,0.003148953663185239,0.005704394541680813,0.6825681328773499,0.6668364405632019,0.20679953694343567,1.131882130034444,0.5057948638826621,0.2067987322807312,0.20924432575702667,0.7256744503974915,0.6736994981765747,0.2035023272037506,1.0552079757980921,0.4615654382935442,0.20125719904899597,0.2049199938774109,0.8223332000000001,0.4838625,0.7714091,0.5185150999999999,0.7968711500000001,0.5011888
muon,12345,0.9945472478866577,0.9944026470184326,0.002053322736173868,0.017771016478515218,0.008247589370950536,0.0015160704497247934,0.004665197338908911,0.6875896453857422,0.6593502759933472,0.23137260973453522,1.3310898116464958,0.5236451964087832,0.22741881012916565,0.23055683076381683,0.7532585859298706,0.6981651782989502,0.17356060445308685,1.0877404046027166,0.421243510117565,0.17356082797050476,0.17398621141910553,0.7966789000000001,0.4976847999999999,0.7365663,0.5521021000000002,0.7666226,0.52489345
muon,1,0.9947419762611389,0.994519829750061,0.001956164836883545,0.017665577106067965,0.008216322951062659,0.002223371062427759,0.004405724350363016,0.6623027324676514,0.6345614194869995,0.2525004744529724,1.4925043669084737,0.5774549199008308,0.2514224946498871,0.2525278925895691,0.7208244800567627,0.663159191608429,0.21091638505458832,1.2522404783656889,0.4819097636582724,0.21053169667720795,0.21007433533668518,0.8480519,0.5042085000000001,0.7747227000000001,0.5538696999999999,0.8113873,0.5290391
muon,2,0.9900681376457214,0.9898637533187866,0.003644111566245556,0.035223337348294435,0.01686478140781861,0.0036356039345264435,0.006331547163426876,0.6542324423789978,0.6363661885261536,0.25365158915519714,1.4016887774459876,0.5736902553750745,0.2518640458583832,0.25954219698905945,0.7584116458892822,0.712356686592102,0.1639920473098755,0.9293520883936123,0.38999693503008537,0.16383768618106842,0.16750170290470123,0.8354793999999999,0.5415209,0.7859475,0.5978538,0.81071345,0.5696873499999999
muon,3,0.9953262209892273,0.9952301979064941,0.0011844240361824632,0.01831602798620676,0.007687501646008237,0.0023754879366606474,0.0038829296827316284,0.6501076221466064,0.6240797638893127,0.2644197344779968,1.5672310742853968,0.5878973151359295,0.2643253803253174,0.26626232266426086,0.7320399880409241,0.6815376877784729,0.21920660138130188,1.2812641365466173,0.4844947342071681,0.21482641994953156,0.21952994167804718,0.8205378,0.46126959999999995,0.6909841999999999,0.5295606,0.7557609999999999,0.4954151
muon,4,0.9941577315330505,0.994000256061554,0.001198258833028376,0.019926059216018557,0.009363896361213188,0.0026424569077789783,0.003959966357797384,0.6303802132606506,0.6123642921447754,0.2827766537666321,1.6537318372826444,0.6280009012460639,0.2827780842781067,0.2835066020488739,0.7193088531494141,0.6624412536621094,0.22618362307548523,1.308898324056578,0.5023761660286828,0.2243652641773224,0.2285257875919342,0.8184923,0.5371878999999999,0.7451904,0.5844193,0.78184135,0.5608036
