arm,seed,acc,f1,ece,nll,brier,aece,smece,auroc_ent_acevedo,auroc_var_acevedo,auroc_ent_jung,auroc_var_jung,auroc_ent_kather2016,auroc_var_kather2016,auroc_ent_kather2018,auroc_var_kather2018,auroc_ent_nirschl2018,auroc_var_nirschl2018,auroc_ent_tang,auroc_var_tang,auroc_ent_mean,auroc_var_mean,config_0_acc,config_0_nll,config_0_ece,config_1_acc,config_1_nll,config_1_ece,config_2_acc,config_2_nll,config_2_ece,config_3_acc,config_3_nll,config_3_ece,config_4_acc,config_4_nll,config_4_ece,config_5_acc,config_5_nll,config_5_ece,procedural_0_acc,procedural_0_nll,procedural_0_ece,procedural_1_acc,procedural_1_nll,procedural_1_ece,procedural_2_acc,procedural_2_nll,procedural_2_ece,procedural_3_acc,procedural_3_nll,procedural_3_ece,procedural_4_acc,procedural_4_nll,procedural_4_ece,procedural_5_acc,procedural_5_nll,procedural_5_ece
baseline,12345,0.9915774464607239,0.9915450811386108,0.0015339895617216825,0.030154028570923308,0.013854718908153513,0.0008426010608673096,0.003908020444214344,0.8774595,,0.6353390999999999,,0.8479717000000001,,0.7569540000000001,,0.7644715,,0.4273918,,0.7182645999999999,,0.9915774464607239,0.030154028570923308,0.001534807262942195,0.8343326449394226,0.874057296421791,0.12422207742929459,0.713276207447052,1.5288126572628726,0.22018016874790192,0.6038544178009033,2.1961034553376546,0.3127346336841583,0.5246966481208801,2.668097931941481,0.3852444291114807,0.4655246138572693,3.0174056326373475,0.4302727282047272,0.9915774464607239,0.030154028570923308,0.001534807262942195,0.9880085587501526,0.04259442416849322,0.002181157236918807,0.9845110774040222,0.05195557541162746,0.0039635030552744865,0.9734475612640381,0.09524564939730325,0.009232926182448864,0.9345467686653137,0.24373680212082108,0.03508789837360382,0.8745182156562805,0.5293733994443048,0.08296395093202591
baseline,1,0.9924339652061462,0.9924020767211914,0.0016035623848438263,0.025104947346158105,0.01222321757702847,0.0020281074102967978,0.003444144269451499,0.9839597,,0.7657429,,0.8068317,,0.7556883,,0.7420263,,0.4536956,,0.7513240833333333,,,,,,,,,,,,,,,,,,,,,,,,,,,,,,,,,,,,,
baseline,2,0.9921484589576721,0.9921138882637024,0.0017501716502010822,0.026288385738861213,0.012631306630615485,0.0017332971328869462,0.003443563124164939,0.9235359999999998,,0.9010494999999998,,0.8331983,,0.6738594,,0.607445,,0.4631624,,0.7337084333333332,,,,,,,,,,,,,,,,,,,,,,,,,,,,,,,,,,,,,
baseline,3,0.9914346933364868,0.991395115852356,0.0014950623735785484,0.027626406982214836,0.013490935209735915,0.0020636499393731356,0.003918243106454611,0.9474995000000002,,0.819748,,0.8184986999999999,,0.7131109,,0.7042906,,0.4120368,,0.7358640833333334,,,,,,,,,,,,,,,,,,,,,,,,,,,,,,,,,,,,,
baseline,4,0.9929336309432983,0.9929071664810181,0.0013459994224831462,0.023585213777096208,0.011063989774114045,0.00035599470720626414,0.0035524184349924326,0.9188474,,0.7528924000000001,,0.7400397000000001,,0.7028773999999999,,0.7711130999999999,,0.3966141,,0.7137306833333333,,,,,,,,,,,,,,,,,,,,,,,,,,,,,,,,,,,,,
sngp,12345,0.9920057058334351,0.9919768571853638,0.0020041060633957386,0.02935133607006654,0.01419291973246598,0.000370264082448557,0.004441785626113415,0.9242765999999998,0.7971147499999999,0.8805986999999998,0.696119,0.9073116000000001,0.9435756000000002,0.7676692,0.8687824,0.6361754,0.973906,0.3787943,0.45108345000000005,0.7491376333333334,0.7884302,0.9920057058334351,0.02935133607006654,0.002004808746278286,0.8264096975326538,0.8396310968350346,0.12850545346736908,0.697573184967041,1.4848704205329875,0.22982248663902283,0.5894361138343811,2.109088006214843,0.32155391573905945,0.5137044787406921,2.547838638473705,0.38319385051727295,0.4418986439704895,2.967321025903122,0.45009368658065796,0.9920057058334351,0.02935133607006654,0.002004808746278286,0.9870092868804932,0.043327741856398504,0.00356260035187006,0.9829407334327698,0.061256153196049816,0.006047326140105724,0.9646680951118469,0.12082174035794414,0.015005579218268394,0.9118486642837524,0.3456359152587336,0.05587077885866165,0.8449679017066956,0.718282203856444,0.112948477268219
sngp,1,0.9927194714546204,0.9926904439926147,0.0015363777056336403,0.02427517854339781,0.011521741218773194,0.0015919567085802555,0.003322530770674348,0.9417969000000002,0.7007118,0.9088290000000001,0.5019391000000001,0.9163965000000001,0.9108165000000001,0.8151955000000001,0.8341225999999999,0.9382781999999998,0.7075872,0.4542435,0.37811694999999995,0.8291232666666666,0.6722156916666666,,,,,,,,,,,,,,,,,,,,,,,,,,,,,,,,,,,,
sngp,2,0.9923626184463501,0.9923338890075684,0.0021697934716939926,0.02939831772277548,0.01344787071459816,0.0007780789746902883,0.004127779509872198,0.953744,0.7888377,0.8214298,0.8091645,0.8971757,0.8933766000000001,0.7710000000000001,0.82331355,0.7471759,0.853251,0.40992249999999997,0.46798905,0.7667413166666668,0.7726554,,,,,,,,,,,,,,,,,,,,,,,,,,,,,,,,,,,,
sngp,3,0.99164879322052,0.9916138052940369,0.0020671312231570482,0.026525410657645538,0.01252909388649293,0.0028343736194074154,0.0037389544304460287,0.9782023000000001,0.6949334,0.8496718,0.6605058000000001,0.8810299,0.9347266000000001,0.7824772,0.8355517000000001,0.8819611,0.8098515000000001,0.3675786,0.4656975,0.7901534833333334,0.7335444166666667,,,,,,,,,,,,,,,,,,,,,,,,,,,,,,,,,,,,
sngp,4,0.9921484589576721,0.9921157360076904,0.0010984598193317652,0.027186436772060247,0.011993799166826483,0.0009245336405001581,0.0035469401627779007,0.9264505,0.7524282,0.8402056999999999,0.8324754000000001,0.8536177,0.9371400999999999,0.7823703,0.8110501000000001,0.9040232999999999,0.8782878999999999,0.37407960000000007,0.47824940000000005,0.7801245166666666,0.7816051833333334,,,,,,,,,,,,,,,,,,,,,,,,,,,,,,,,,,,,
bnsn,12345,0.9914346933364868,0.9914053082466125,0.0020294433925300837,0.029024890205411293,0.012964294187770446,0.0007138728979043663,0.003929902799427509,0.8778063999999999,0.9492018,0.8287592,0.8006138,0.8095072,0.9107494999999999,0.7129493,0.8962035,0.7465889,0.9800422,0.4335788,0.3612429,0.7348649666666667,0.8163422833333333,0.9914346933364868,0.029024890205411293,0.002029560739174485,0.8267666101455688,0.8003350210761317,0.12730854749679565,0.7103497385978699,1.393134151121457,0.21595236659049988,0.5977159142494202,2.009163400597585,0.31386104226112366,0.5271235108375549,2.4215961617630364,0.37226632237434387,0.4581727385520935,2.847213158962532,0.4375884532928467,0.9914346933364868,0.029024890205411293,0.002029560739174485,0.9886509776115417,0.03902034644595332,0.0013170032761991024,0.9847965836524963,0.051722550909299954,0.00436816830188036,0.9692362546920776,0.09987431414698601,0.009420905262231827,0.9175589084625244,0.28933134516841985,0.04498264193534851,0.8545324802398682,0.6403400031157859,0.09808117151260376
bnsn,1,0.9932191371917725,0.9931944608688354,0.0017743890639394522,0.02568810482451494,0.011654972524670067,0.0009682179079391062,0.0034747538156807423,0.8740025000000001,0.8871217,0.9152606000000001,0.7653134,0.8804481,0.8858034,0.7916128,0.85209525,0.9288143,0.7809894000000001,0.4923139000000001,0.3801917,0.8137420333333334,0.7585858083333333,,,,,,,,,,,,,,,,,,,,,,,,,,,,,,,,,,,,
bnsn,2,0.992219865322113,0.992194414138794,0.0023462288081645966,0.027696006381543764,0.01248318105042673,0.0017079534009099007,0.004792945459485054,0.6784834999999999,0.9391381000000001,0.6837567,0.9095881,0.7799164,0.9250934,0.6455247,0.8049278,0.8151493999999999,0.7768159499999999,0.4480878,0.35913295000000006,0.6751530833333333,0.7857827166666667,,,,,,,,,,,,,,,,,,,,,,,,,,,,,,,,,,,,
bnsn,3,0.9928622245788574,0.9928351044654846,0.0017655437113717198,0.024742943917743516,0.01141986315557299,0.0009515941492281854,0.004589018877595663,0.8550129999999999,0.9706811999999999,0.8816542999999999,0.8676549,0.8490043,0.9187723,0.7193432000000001,0.9029709999999997,0.8754275,0.9783736000000001,0.41864439999999997,0.37609909999999996,0.7665144499999998,0.8357586833333334,,,,,,,,,,,,,,,,,,,,,,,,,,,,,,,,,,,,
bnsn,4,0.9919343590736389,0.9919018149375916,0.0014084645081311464,0.027731730954742493,0.012687288400117113,0.0016221464611589909,0.0036474503576755524,0.9625419000000001,0.9375296000000001,0.9187428000000001,0.7691725,0.8550046,0.9215067999999998,0.7058026,0.89256435,0.6647213000000001,0.9206144,0.4659786,0.3049889,0.7621319666666667,0.7910627583333333,,,,,,,,,,,,,,,,,,,,,,,,,,,,,,,,,,,,
specreg,12345,0.9917201995849609,0.9916903972625732,0.0013359047006815672,0.02839004774066703,0.013017938645295277,0.0012030244106426835,0.0037757521495223045,0.9665524000000001,0.8573926000000001,0.7611197000000001,0.7978464,0.8813995,0.9178801,0.7264544999999999,0.8404320999999999,0.6872254,0.9111530999999999,0.3737248999999999,0.38186695,0.7327460666666666,0.7844285416666666,0.9917201995849609,0.02839004774066703,0.0013373109977692366,0.8251962661743164,0.8779244751938236,0.12675301730632782,0.7022840976715088,1.5250377687060757,0.22629901766777039,0.5987151861190796,2.1272747544145147,0.31008318066596985,0.5216987729072571,2.557402564983705,0.37821289896965027,0.4586723744869232,2.943099635369356,0.4311247169971466,0.9917201995849609,0.02839004774066703,0.0013373109977692366,0.9874375462532043,0.0396511236539727,0.0028252601623535156,0.9807994365692139,0.06469196629202337,0.0064920648001134396,0.9633833169937134,0.12267818195424388,0.01280906144529581,0.9178444147109985,0.31915532753033554,0.045067690312862396,0.8486795425415039,0.6617498494727074,0.1025950163602829
specreg,1,0.9917916059494019,0.9917646646499634,0.0012679895153269172,0.028112230397070108,0.012899180341126486,0.0011955618392676115,0.003938497044146061,0.8709264000000001,0.7733836000000001,0.8305382,0.8042412000000001,0.8731880000000001,0.8825378,0.7373026000000001,0.82616455,0.7592425,0.9187006999999999,0.41348850000000004,0.47728965,0.7474477,0.7803862500000002,,,,,,,,,,,,,,,,,,,,,,,,,,,,,,,,,,,,
specreg,2,0.9925767183303833,0.9925459623336792,0.0014319763286039233,0.026716296626911506,0.011868962927508527,0.0011008322471752763,0.0031242186669260263,0.9639507999999999,0.7070505,0.9086356999999999,0.55002815,0.8843766000000001,0.8853699,0.7336616,0.8005573500000001,0.8556058,0.8087822000000001,0.39083619999999997,0.4397259,0.7895111166666666,0.6985856666666667,,,,,,,,,,,,,,,,,,,,,,,,,,,,,,,,,,,,
specreg,3,0.9932191371917725,0.9931982755661011,0.0018654896412044764,0.0247912441222215,0.01117896645656135,0.0019876002334058285,0.0037474913988262415,0.8321045000000001,0.8198127,0.6608133,0.8038872999999999,0.8733922,0.9213163999999999,0.6778137,0.8675838,0.7226819000000001,0.8038594,0.3819806,0.39352735,0.6914643666666667,0.7683311583333334,,,,,,,,,,,,,,,,,,,,,,,,,,,,,,,,,,,,
specreg,4,0.9922912120819092,0.9922665357589722,0.0013183553237468004,0.025822153632102517,0.012186118791207328,0.0015654562739655375,0.0035241227596998215,0.9197593,0.6795072,0.7427252000000001,0.7968778,0.9062987999999998,0.9216842999999999,0.7779731,0.7798948,0.716314,0.8595963999999998,0.3880294,0.40545790000000004,0.7418499666666666,0.7405030666666667,,,,,,,,,,,,,,,,,,,,,,,,,,,,,,,,,,,,
muon,12345,0.9946466684341431,0.994632363319397,0.0022040028125047684,0.01829473127034454,0.008401186104019647,0.0021325410343706608,0.003495829878374934,0.9852598,0.8383497,0.7744437,0.6573885,0.9728608,0.7345218,0.838813,0.5923109,0.9414496,0.4338863,0.4501214,0.39381774999999997,0.8271580500000001,0.6083791583333333,0.9946466684341431,0.01829473127034454,0.0022065432276576757,0.8334760665893555,0.822921116949371,0.12515555322170258,0.7089935541152954,1.4624406474309797,0.22503143548965454,0.5986438393592834,2.0366406005535103,0.31741490960121155,0.5204853415489197,2.4305642669379957,0.3777502179145813,0.45831549167633057,2.7601918630792857,0.4267188012599945,0.9946466684341431,0.01829473127034454,0.0022065432276576757,0.9927908778190613,0.026330786654313276,0.002870302414521575,0.9915774464607239,0.031999529266845225,0.003446208778768778,0.9791577458381653,0.0699467022134995,0.010563254356384277,0.9493932723999023,0.2042647376879037,0.03142493963241577,0.8788722157478333,0.5033320468451558,0.0823734924197197
muon,1,0.9949321746826172,0.9949191808700562,0.0025746936444193125,0.019763911066234572,0.008565055862177469,0.002268517157062888,0.0035463308449834585,0.9911426999999999,0.8271651999999999,0.95408,0.36770749999999996,0.9594769999999999,0.7538788999999999,0.8885407000000001,0.5731877999999999,0.9806513000000001,0.44088305000000005,0.519492,0.2938893,0.8822306166666666,0.5427852916666667,,,,,,,,,,,,,,,,,,,,,,,,,,,,,,,,,,,,
muon,2,0.994718074798584,0.9947034120559692,0.0020715079735964537,0.018198814602970025,0.008386406863650728,0.0024583102203905582,0.003244054038077593,0.9830921,0.6922073999999999,0.9405625000000001,0.251755,0.9589286999999999,0.7159888,0.8590300000000001,0.5412186999999999,0.9746535,0.37419785,0.3567913,0.5887317999999999,0.8455096833333333,0.5273499249999999,,,,,,,,,,,,,,,,,,,,,,,,,,,,,,,,,,,,
muon,3,0.9951463341712952,0.9951350092887878,0.002326888730749488,0.019397347128315857,0.008411311822283003,0.0018587233498692513,0.0034314875956624746,0.9376112000000001,0.6344150500000001,0.9131411,0.3348444,0.9498977999999999,0.6854906,0.8557639000000001,0.6201347,0.9763603,0.6767581499999998,0.4575279,0.3659846,0.8483836999999999,0.5529379166666667,,,,,,,,,,,,,,,,,,,,,,,,,,,,,,,,,,,,
muon,4,0.9949321746826172,0.9949186444282532,0.00169416144490242,0.018177848058481008,0.007858013446810667,0.0017750918632373214,0.0032999147661030293,0.9794528999999998,0.60196745,0.7997746999999998,0.4089175,0.9371689,0.6623943,0.8042761,0.550143,0.9265714,0.5402391,0.48091290000000003,0.3822447500000001,0.8213594833333332,0.5243176833333333,,,,,,,,,,,,,,,,,,,,,,,,,,,,,,,,,,,,
muon2stage,12345,0.9901499152183533,0.9901106357574463,0.002508588135242462,0.031091110004600898,0.015192513962571406,0.0013098358176648617,0.004739479627460241,0.9464195,0.9370375999999998,0.6823062,0.8727646,0.7754805,0.8202126000000002,0.5951626,0.8148492,0.7368657,0.8773275,0.375342,0.45241755,0.68526275,0.795768175,0.9901499152183533,0.031091110004600898,0.0025085886009037495,0.8072805404663086,0.86265624920332,0.13851186633110046,0.6877944469451904,1.4909470659445814,0.23205329477787018,0.5731620192527771,2.1038017708154793,0.3302585482597351,0.49721628427505493,2.4950490446591176,0.39005565643310547,0.4366166889667511,2.8538250888415213,0.44748398661613464,0.9901499152183533,0.031091110004600898,0.0025085886009037495,0.9876517057418823,0.0395249420391616,0.0023169023916125298,0.983725905418396,0.05268320173033598,0.0011843852698802948,0.9695931673049927,0.09275269126324906,0.005567652173340321,0.9268379807472229,0.2478934050722002,0.03384704142808914,0.8548179864883423,0.5606472122008243,0.08953758329153061
muon2stage,1,0.9919343590736389,0.9918997883796692,0.002341984072700143,0.02861020761219266,0.013478330189634086,0.0018443881999701262,0.004517432302236557,0.9432361,0.9511128,0.8300295999999999,0.9175004,0.8575226,0.8661030000000001,0.6971567999999999,0.7474306000000001,0.8593078999999999,0.9179228,0.4053311,0.4337596,0.7654306833333333,0.8056382000000001,,,,,,,,,,,,,,,,,,,,,,,,,,,,,,,,,,,,
muon2stage,2,0.9907922744750977,0.9907645583152771,0.004696808755397797,0.0296948735398902,0.014503661112393937,0.002757621230557561,0.006249208003282547,0.9343591000000002,0.8528842000000001,0.7269020000000002,0.763779,0.8809682000000001,0.8514048000000001,0.7147720000000002,0.7418152,0.8847254,0.9220038,0.3848739,0.3375802,0.7544334333333333,0.7449111999999999,,,,,,,,,,,,,,,,,,,,,,,,,,,,,,,,,,,,
muon2stage,3,0.9900785088539124,0.9900409579277039,0.0025894707068800926,0.029564940620240083,0.014375739251057533,0.0017313897842541337,0.00578688969835639,0.9369457000000001,0.7429481,0.8924514,0.6492936,0.9045637000000001,0.88479175,0.7570135,0.7382047,0.9645116000000001,0.867845,0.3783358,0.4965387,0.8056369500000001,0.7299369750000001,,,,,,,,,,,,,,,,,,,,,,,,,,,,,,,,,,,,
muon2stage,4,0.9915774464607239,0.9915406703948975,0.003108810633420944,0.031169939243135623,0.013956529717101762,0.002863049739971757,0.004613420460373163,0.6915991,0.9863835999999999,0.6766694999999999,0.9371898999999999,0.8583297,0.8460954,0.6972240999999999,0.81846,0.8943249,0.935351,0.4384273,0.5179902000000001,0.7094290999999999,0.8402450166666666,,,,,,,,,,,,,,,,,,,,,,,,,,,,,,,,,,,,
