epoch,train/sigma_max,train/sigma_mean,train/spec_reg,train/spec_reg_active,train/ce,train/loss,val/nll,val/acc,lr
0,12.134587287902832,3.912563562393189,527.9684448242188,0.0,1.8318568468093872,1.816230297088623,1.6493977308273315,0.3720364868640899,0.0010000000474974
1,25.659942626953125,6.721215724945068,1682.19775390625,0.0,1.2957961559295654,1.2987072467803955,1.7183456420898438,0.3516676425933838,0.0009997532470151
2,34.34612274169922,9.1950101852417,3146.343994140625,0.0,0.8856338858604431,0.8806086182594299,0.970615029335022,0.7115272283554077,0.0009990133112296
3,41.0423698425293,11.325542449951172,4760.65771484375,0.0,0.6704766154289246,0.6868187189102173,1.7552542686462402,0.318899929523468,0.0009977809386327
4,47.32633209228516,13.386969566345217,6615.5888671875,0.0,0.6112282872200012,0.5959570407867432,1.040167212486267,0.5868929028511047,0.0009960572933778
5,52.84748458862305,15.067617416381836,8431.283203125,0.0,0.5538638830184937,0.5294280052185059,0.5237769484519958,0.8566412925720215,0.0009938441216945
6,58.99317932128906,17.083993911743164,10803.224609375,0.0,0.4891037940979004,0.4785714447498321,0.8707983493804932,0.7214745283126831,0.0009911436354741
7,64.68727111816406,18.70103454589844,13095.955078125,0.0,0.4401486217975616,0.4067191779613495,0.8548095226287842,0.7015798687934875,0.0009879583958536
8,69.40251159667969,20.46806526184082,15591.68359375,0.0,0.3954788446426391,0.3896123766899109,0.9702780842781068,0.6717378497123718,0.0009842915460467
9,73.36572265625,21.76980972290039,17697.12890625,0.0,0.3006251752376556,0.3296227753162384,0.7441903352737427,0.7472205758094788,0.0009801468113437
10,77.13043975830078,22.946996688842773,19804.5,0.0,0.3040467500686645,0.3088814318180084,1.668154001235962,0.4370977282524109,0.0009755282662808
11,81.14447021484375,24.30228614807129,22345.2421875,0.0,0.2878889143466949,0.2905987799167633,0.5825065970420837,0.8110005855560303,0.0009704403928481
12,84.62643432617188,25.23064422607422,24391.73828125,0.0,0.2318297922611236,0.253697395324707,0.314189076423645,0.9122293591499328,0.0009648882551118
13,87.50406646728516,26.21063041687012,26326.853515625,0.0,0.2907595634460449,0.2578659057617187,0.3048910200595855,0.8993563652038574,0.0009588773245923
14,91.61521911621094,27.360519409179688,28589.24609375,0.0,0.2858721613883972,0.2788537740707397,1.315556883811951,0.5833820700645447,0.0009524135384708
15,97.24053955078124,28.60990333557129,31319.638671875,0.0,0.2283005714416504,0.2386131435632705,0.5643749237060547,0.8297249674797058,0.0009455032413825
16,101.51148223876952,30.085166931152344,34228.34765625,0.0,0.3834337294101715,0.3895064294338226,0.9497889280319214,0.6922176480293274,0.0009381533600389
17,105.5337142944336,31.64437294006348,37311.1015625,0.0,0.3973596692085266,0.3824287950992584,0.2514093816280365,0.9128144979476928,0.0009303709957748
18,105.45703125,32.10487365722656,38088.11328125,0.0,0.264417290687561,0.2904911935329437,0.2857101857662201,0.8894090056419373,0.0009221639484167
19,105.31919860839844,32.5457649230957,38892.29296875,0.0,0.2360815107822418,0.2821964025497436,1.4626437425613403,0.4815681576728821,0.0009135403088293
20,105.9838409423828,34.16286849975586,41894.7734375,0.0,0.3500943183898926,0.3643827736377716,0.309209406375885,0.8841427564620972,0.0009045085171237
21,107.4128875732422,35.734832763671875,45127.3671875,0.0,0.599984884262085,0.5290493965148926,1.1493061780929563,0.6337039470672607,0.0008950774790719
22,111.20462799072266,37.61709976196289,49467.4609375,0.0,0.362702339887619,0.3971032500267029,0.2831090092658996,0.8976009488105774,0.0008852566243149
23,112.92276763916016,38.38100814819336,51629.01171875,0.0,0.2984608113765716,0.2998035848140716,0.3966891765594482,0.8455237150192261,0.0008750555571168
24,114.75283813476562,39.125762939453125,53514.2421875,0.0,0.3356543779373169,0.3243233263492584,1.2018685340881348,0.6067876219749451,0.0008644842891953
25,116.3201141357422,39.8586540222168,55232.640625,0.0,0.3099393844604492,0.2918938398361206,0.1627915948629379,0.9379754066467284,0.0008535534143447
26,117.18119049072266,39.98776245117188,55721.70703125,0.0,0.2204982936382293,0.2101520001888275,0.1101070493459701,0.9625511765480042,0.0008422735263593
27,120.87142181396484,40.47465896606445,57421.4921875,0.0,0.4076853990554809,0.3986219465732574,0.1870271414518356,0.9332942962646484,0.0008306559175252
28,124.64227294921876,41.47296524047852,60244.77734375,0.0,0.3906371891498565,0.3284076452255249,0.2334493696689605,0.920421302318573,0.0008187119965441
29,127.67748260498048,42.55547332763672,63151.4375,0.0,0.3422854840755462,0.3092932403087616,0.1701429039239883,0.9426565170288086,0.0008064535213634
30,130.5846710205078,43.61658477783203,66034.921875,0.0,0.3503672480583191,0.3483350276947021,0.5508018732070923,0.8244587182998657,0.0007938925991766
31,133.26661682128906,44.49672317504883,68789.2421875,0.0,0.3246803879737854,0.3276101052761078,0.9629244804382324,0.6875365972518921,0.0007810416864231
32,136.10592651367188,45.12964630126953,70778.9453125,0.0,0.3177612423896789,0.3726470172405243,0.3219017684459686,0.8858981728553772,0.0007679134141653
33,140.48947143554688,45.57216262817383,72774.703125,0.0,0.3215311467647552,0.3318622410297394,0.6313498020172119,0.7998829483985901,0.0007545207045041
34,143.86923217773438,46.02949905395508,74739.7109375,0.0,0.3076719045639038,0.3510912358760834,0.2743781507015228,0.9110590815544128,0.0007408768287859
35,148.2626953125,46.70181274414063,77597.0,0.0,0.3255174160003662,0.2976778745651245,0.2308858633041381,0.919251024723053,0.0007269952329806
36,150.29302978515625,47.09152221679688,79142.734375,0.0,0.2149893790483474,0.2290195077657699,0.3269409537315368,0.8894090056419373,0.0007128896540962
37,151.56884765625,47.30816268920898,80129.0625,0.0,0.2947609424591064,0.2090906500816345,0.4096458554267883,0.8665886521339417,0.0006985739455558
38,152.11631774902344,47.41650390625,80627.1953125,0.0,0.2029768079519271,0.1880610734224319,0.1863197982311248,0.9344645738601683,0.0006840622518211
39,154.37620544433594,47.84321594238281,82488.3203125,0.0,0.3337628841400146,0.4009130597114563,0.2265562266111374,0.9327091574668884,0.0006693689501844
40,156.45684814453125,48.68287658691406,85164.640625,0.0,0.2631242871284485,0.3052161931991577,0.3526209592819214,0.8987712264060974,0.0006545084761455
41,157.21168518066406,49.23954772949219,86590.6484375,0.0,0.291675716638565,0.2655998170375824,0.2128080129623413,0.920421302318573,0.0006394955562427
42,157.14915466308594,49.68963241577149,87813.2265625,0.0,0.2109389156103134,0.2420950084924698,0.1615431457757949,0.9467524886131288,0.0006243449170142
43,157.75816345214844,49.955810546875,88461.6484375,0.0,0.1786523312330246,0.1985002756118774,0.1375231444835662,0.9526038765907288,0.0006090716342441
44,157.44578552246094,50.065826416015625,88885.2265625,0.0,0.1994415670633316,0.1914663314819336,0.122267335653305,0.9537741541862488,0.0005936906673014
45,157.59718322753906,50.17087936401367,89184.59375,0.0,0.2135525643825531,0.2017553448677063,0.3511450588703155,0.8800467848777771,0.0005782172083854
46,158.5444793701172,50.57861328125,90409.9609375,0.0,0.2914573550224304,0.252191811800003,0.3458748459815979,0.8911644220352173,0.0005626666243188
47,160.14431762695312,50.91019058227539,91563.5859375,0.0,0.2187487035989761,0.2183174937963485,0.2462067455053329,0.9151550531387328,0.0005470541655085
48,160.61813354492188,51.11396026611328,92098.7265625,0.0,0.2649272382259369,0.2068726420402526,0.1415925920009613,0.9502633213996888,0.0005313952569849
49,160.3020477294922,51.3006706237793,92490.0,0.0,0.1717927157878875,0.1793852597475052,0.1579325944185257,0.9490930438041688,0.0005157053819857
50,126.80467987060548,35.70659637451172,43859.9140625,1.0,0.2165897488594055,18.994382858276367,0.2530510127544403,0.918080747127533,0.0005000000237487
51,97.4123077392578,24.984315872192383,19836.234375,1.0,0.2661570906639099,8.743815422058105,0.2318127900362014,0.9291983842849731,0.000484294607304
52,84.53111267089844,21.359283447265625,14311.6708984375,1.0,0.2793466746807098,5.615911960601807,0.2476814538240432,0.9256875514984132,0.0004686047323048
53,75.49125671386719,18.94429588317871,11192.1298828125,1.0,0.2049808055162429,5.018301963806152,0.1569519788026809,0.9414862394332886,0.000452945852885
54,67.97415161132812,17.36972999572754,9233.2548828125,1.0,0.2154621183872223,4.15128231048584,0.1609370112419128,0.9479227662086488,0.0004373333940748
55,62.01150894165039,16.028038024902344,7722.47314453125,1.0,0.3175279498100281,3.5614683628082275,0.2602685093879699,0.921006441116333,0.0004217827809043
56,56.7622299194336,15.043901443481444,6658.482421875,1.0,0.1613969206809997,3.053444623947144,0.341995507478714,0.8911644220352173,0.0004063093510922
57,52.61906051635742,14.195093154907228,5843.60107421875,1.0,0.2071871012449264,2.38421630859375,0.1006355285644531,0.9637214541435242,0.0003909283841494
58,48.8409309387207,13.6514892578125,5268.6142578125,1.0,0.1818208545446396,2.447929859161377,0.5807137489318848,0.8215330839157104,0.0003756550431717
59,45.42570495605469,12.993260383605955,4683.970703125,1.0,0.1936248987913131,2.2181758880615234,0.137208953499794,0.9555295705795288,0.000360504433047
60,42.57540130615234,12.457379341125488,4234.41064453125,1.0,0.1257714480161667,1.9674088954925537,0.1399133056402206,0.9566998481750488,0.0003454915131442
61,39.6910400390625,11.923866271972656,3801.5625,1.0,0.145453542470932,1.7728935480117798,0.132144495844841,0.9572849869728088,0.0003306310391053
62,38.23588943481445,11.570589065551758,3562.220703125,1.0,0.1297919303178787,1.4583669900894165,0.1853240579366684,0.9420713782310486,0.0003159377374686
63,35.88614654541016,11.160524368286133,3262.310546875,1.0,0.149242416024208,1.5172673463821411,0.1905487626791,0.9438267946243286,0.0003014260437339
64,33.92814254760742,10.777545928955078,3005.789306640625,1.0,0.1536867767572403,1.4344110488891602,0.1639810502529144,0.9537741541862488,0.0002871103642974
65,32.470455169677734,10.522916793823242,2830.31640625,1.0,0.157527357339859,1.345390796661377,0.1465618759393692,0.9508484601974488,0.000273004756309
66,30.61112403869629,10.189902305603027,2613.041259765625,1.0,0.1121066957712173,1.235970377922058,0.107322447001934,0.9684025645256042,0.0002591231605038
67,29.060482025146484,9.953460693359377,2462.990966796875,1.0,0.1134387999773025,1.048461675643921,0.1151735186576843,0.9666471481323242,0.0002454792847856
68,27.735944747924805,9.659346580505373,2294.861328125,1.0,0.079636350274086,1.0826321840286257,0.1491460800170898,0.9514335989952089,0.0002320866042282
69,27.024242401123047,9.474516868591309,2197.634521484375,1.0,0.0827779397368431,1.0444369316101074,0.1698648631572723,0.9496781826019288,0.0002189583174185
70,25.444372177124023,9.242263793945312,2063.33154296875,1.0,0.0980399623513221,0.9706479907035828,0.1311327219009399,0.9572849869728088,0.0002061073755612
71,23.73115921020508,9.004619598388672,1923.431884765625,1.0,0.0684391260147094,0.8068521022796631,0.1071921288967132,0.9637214541435242,0.0001935464679263
72,22.893817901611328,8.809453010559082,1829.818359375,1.0,0.0629853904247284,0.861581563949585,0.0831122770905494,0.9724985361099244,0.0001812880072975
73,24.308673858642575,8.777196884155273,1860.3739013671875,1.0,0.0668865516781807,0.8787285089492798,0.1072739884257316,0.9654768705368042,0.0001693440717644
74,24.232593536376957,8.647863388061523,1813.2884521484373,1.0,0.0831390395760536,0.8562895655632019,0.08992450684309,0.9672322869300842,0.0001577264483785
75,23.238487243652344,8.470796585083008,1723.93994140625,1.0,0.0663006529211998,0.8082857728004456,0.1039995327591896,0.9672322869300842,0.0001464466040488
76,22.094865798950195,8.333516120910645,1647.696533203125,1.0,0.0856176987290382,0.6913588643074036,0.0910982936620712,0.9672322869300842,0.0001355156855424
77,21.661420822143555,8.219947814941406,1596.0338134765625,1.0,0.073709100484848,0.7537519335746765,0.0918813049793243,0.9654768705368042,0.0001249444612767
78,20.8756103515625,8.130270004272461,1545.0089111328125,1.0,0.0504337288439273,0.7227783799171448,0.0871299281716346,0.9701579809188844,0.0001147433795267
79,20.32264518737793,8.020064353942871,1495.781005859375,1.0,0.0899866372346878,0.7061389088630676,0.0989072173833847,0.9689877033233644,0.0001049224956659
80,19.943681716918945,7.923925876617432,1458.7130126953125,1.0,0.095550537109375,0.685127317905426,0.0748204216361045,0.9795202016830444,9.549150126986206e-05
81,19.60477828979492,7.83835506439209,1423.724853515625,1.0,0.0369420163333416,0.5894172191619873,0.0819804742932319,0.9707431197166444,8.645970956422389e-05
82,19.28822326660156,7.776095867156982,1397.2686767578125,1.0,0.0321070402860641,0.6488023400306702,0.0793958157300949,0.9736688137054444,7.783604087308049e-05
83,18.854412078857425,7.703381061553955,1365.53564453125,1.0,0.0502654910087585,0.637748122215271,0.0789083167910575,0.9719133973121644,6.962898623896763e-05
84,18.427410125732425,7.635098934173584,1334.908447265625,1.0,0.0520267076790332,0.6241602897644043,0.0882012695074081,0.9719133973121644,6.18466583546251e-05
85,18.542516708374023,7.603848457336426,1326.5977783203125,1.0,0.0547275692224502,0.6204432249069214,0.0888051688671112,0.9701579809188844,5.44967369933147e-05
86,18.6823787689209,7.588387966156006,1325.4793701171875,1.0,0.0382394753396511,0.5431512594223022,0.0795538499951362,0.9719133973121644,4.758647264679894e-05
87,18.765260696411133,7.563771724700928,1320.537841796875,1.0,0.0348557755351066,0.6071088910102844,0.087090715765953,0.9701579809188844,4.112268652534112e-05
88,18.36198234558105,7.509551048278809,1295.253662109375,1.0,0.0531250908970832,0.5991771817207336,0.0731661170721054,0.9742539525032043,3.5111756005790085e-05
89,18.482606887817383,7.505478382110596,1298.182373046875,1.0,0.0291381031274795,0.5975149869918823,0.083939217031002,0.9724985361099244,2.955961463158019e-05
90,18.83981132507324,7.503598690032959,1305.3563232421875,1.0,0.0424752198159694,0.6010690331459045,0.0880569964647293,0.9684025645256042,2.447174119879492e-05
91,18.55029296875,7.481094360351562,1292.210693359375,1.0,0.0387178026139736,0.5246003866195679,0.082205519080162,0.9742539525032043,1.9853157937177457e-05
92,18.301677703857425,7.480710983276367,1288.0048828125,1.0,0.039179690182209,0.5925459861755371,0.0963978767395019,0.9672322869300842,1.570841959619429e-05
93,18.217981338500977,7.470723628997803,1283.019775390625,1.0,0.0421157144010067,0.5912697315216064,0.0792266726493835,0.9748390913009644,1.2041618902003393e-05
94,17.9718074798584,7.468564987182617,1278.345703125,1.0,0.0369272455573082,0.5855317711830139,0.0824297443032264,0.9730836749076844,8.85637473402312e-06
95,18.034521102905277,7.481181621551514,1284.3624267578125,1.0,0.040759801864624,0.5195976495742798,0.0820765942335128,0.9707431197166444,6.155829851195449e-06
96,18.21599578857422,7.498213768005371,1293.5107421875,1.0,0.0222702380269765,0.5925850868225098,0.0857193544507026,0.9707431197166444,3.942649527743924e-06
97,18.27955818176269,7.531881332397461,1306.8623046875,1.0,0.0267072450369596,0.5930787324905396,0.085724338889122,0.9707431197166444,2.2190176878211787e-06
98,18.38497543334961,7.562639236450195,1319.984619140625,1.0,0.0408637039363384,0.6059632897377014,0.084522046148777,0.9707431197166444,9.866357686405536e-07
99,18.606468200683597,7.589280605316162,1333.468505859375,1.0,0.0216735135763883,0.6111577749252319,0.0871392413973808,0.9713282585144044,2.467198214617383e-07
