rff_dim,length_scale,log_ev_recipe_mean,log_ev_recipe_std,log_ev_type2_mean,log_ev_type2_std,alpha_mean,alpha_std,noise_mean,noise_std,log_ev_val_type2_mean,log_ev_val_type2_std,val_alpha_mean,val_alpha_std,val_noise_mean,val_noise_std,rho_mean,rho_std,auroc_var_cifar10_mean,auroc_var_svhn_mean
1024,1.0,-103.75703551066017,0.0010887681901421205,88.88293356097135,0.053759876033761984,1956094.0419502861,111749.13939441313,0.009723248474740001,1.7511718411688038e-05,88.37190471579972,0.0028914849300202103,6936966.815813012,1700703.9401667751,0.009923468208026065,1.6762842471800296e-05,11.907225926717123,0.049713657870774135,0.5061380116666667,0.5074470126510962
1024,1.5,-103.65631584516086,0.0035384073263563048,96.98959128063497,0.3049647964111712,363482.16712785576,6342.807880124145,0.00801496144415724,5.254057945062085e-05,88.90343751715902,0.05220903285656516,773697.4527082202,34745.27316360947,0.009320499482226722,3.245444362482976e-05,7.938150617811416,0.03314243858051626,0.565686625,0.570606442071297
1024,2.0,-103.46497027244202,0.0056045434523753525,116.57513910820285,0.573220340701017,205693.21185022802,851.193882940862,0.005313110207552773,6.226659144473705e-05,92.2680676693195,0.16834747069445397,299242.53602641186,6631.714116863833,0.008046051069025471,4.876142028749673e-05,5.9536129633585615,0.024856828935387067,0.6527140266666667,0.6579036621593936
1024,2.5,-103.25272494155138,0.00662994436275995,141.17661111068114,0.6884288156025677,188254.22306447322,397.4188968838288,0.0032134195969783165,4.4644556041956356e-05,99.50716727722465,0.28399639896616363,195666.9480964739,1493.2011783113128,0.00650064661451862,4.822378077596056e-05,4.762890370686849,0.019885463148309412,,
1024,3.0,-103.04669572909238,0.007320136830867701,164.89333781890582,0.7262507785200282,201661.81446409482,841.3430566084431,0.001987186290813209,2.8990372953837005e-05,108.33432352599361,0.37975060440641656,168125.71365752406,1181.6325426023955,0.005229912143949587,4.9436930926080836e-05,3.969075308905708,0.01657121929025813,0.736319425,0.7167724256043844
1024,4.0,-102.64825090352802,0.009179405644470551,201.92790647692343,0.6278982675677628,234286.08136068447,653.3811611448798,0.0009412712721980932,1.1855050987792277e-05,121.35064187280356,0.2815701978048101,154621.8123040916,541.3631194545318,0.003953595484884221,2.462646194531165e-05,2.9768064816792807,0.012428414467693534,0.6813036933333333,0.6923075624871952
1024,5.0,-102.24604480012493,0.011614825671144656,223.15578960326653,0.6003316617131036,233497.53181956487,255.09060627031076,0.0006143802344055679,7.395954842253954e-06,127.25873887951913,0.20933893221864222,135821.12721146588,366.5826819895642,0.0035498602370828453,1.4960886663907044e-05,2.3814451853434244,0.009942731574154706,0.6090544016666667,0.6341734531858226
1024,7.0,-101.43317913056154,0.014292328873461659,232.61764161230906,0.8860634951762365,154890.7409452824,1385.928686648731,0.0005097216902535594,9.18520444072478e-06,130.01205501227878,0.12623005407323162,87145.79968958533,634.570979026862,0.003452339956419465,7.22527725928848e-06,1.7010322752453033,0.00710195112439629,,
1024,10.0,-100.3293220271325,0.011605492312103281,226.89201470508658,0.7558054654107224,64262.91651064212,623.3009106994709,0.000574172335509536,8.792396187738745e-06,129.4513773757946,0.16605783522603196,41262.3509664354,398.8963246017819,0.0035739883792365846,9.937783003163138e-06,1.1907225926717122,0.004971365787077353,0.4325160116666666,0.4938403132042614
1024,14.0,-99.1620041732656,0.009209686650211418,220.87940983007093,0.738230780771112,22323.806724852486,176.9031236014522,0.0006488165865389072,9.627351636325409e-06,128.36608295914843,0.24745982457898136,17358.36663852134,169.8096086718537,0.0036994394233571776,1.6840907580113983e-05,0.8505161376226517,0.003550975562198145,,
1024,20.0,-97.88669175906352,0.01071234400005426,216.76868369147326,0.7150827289926018,6514.079474629069,76.35889088959422,0.0007040240384881613,9.988560145878223e-06,127.37220296174321,0.28331471318616086,6436.645272527807,82.36405681035525,0.00379876624156545,1.999501036849396e-05,0.5953612963358561,0.0024856828935386766,0.3829190899999999,0.4610415994417127
1024,30.0,-96.47102950852589,0.018155697193224275,214.15061961240033,0.6785605820090086,1513.87033874445,30.977116990106193,0.0007397456525567529,9.741501190621627e-06,126.43938256666945,0.30393302490875396,2072.1882369123036,48.40483371824217,0.003883227538370119,2.2334544525616922e-05,0.39690753089057074,0.0016571219290258017,,
4096,1.0,-137.69241089243857,0.0022691134382046433,89.87896876936851,0.1044094216641041,2789458.9730791613,84211.77426608499,0.009168837739864781,3.2043317768968404e-05,88.40071254289404,0.005029402107024543,6040043.087267861,379099.6871632802,0.009659735544822625,2.1503980432639003e-05,11.907225926717123,0.049713657870774135,0.5249327149999999,0.5272225126767056
4096,1.5,-137.37907656535083,0.009343057451561946,107.50662352228532,0.4681012946533138,951399.3923729571,5908.391194926379,0.005921045923982074,6.124555137403408e-05,89.94555155156759,0.1133881603183981,1057469.924169345,34665.31904527775,0.007962658850225767,7.132758736925735e-05,7.938150617811416,0.03314243858051626,0.6183621716666666,0.6219109794355665
4096,2.0,-136.76340202920164,0.018623726842202405,143.0532854861718,0.805252709296494,948426.3673835682,5845.287630547174,0.0027659060121851867,4.594123715512842e-05,97.15693162133101,0.20835839145815613,564447.8213330825,4924.772999330806,0.005556250891795327,4.991589552595674e-05,5.9536129633585615,0.024856828935387067,0.7142270700000001,0.7074768720549068
4096,2.5,-135.93948404526648,0.027779111200005875,180.09636240442754,0.835176906446017,1286073.6713539062,9812.641724016315,0.0012870717809688296,2.186810210075665e-05,109.61830245582274,0.2755837205152134,496410.84053524694,205.0638781067305,0.0037140583457429617,2.7479991028427882e-05,4.762890370686849,0.019885463148309412,,
4096,3.0,-134.99452767989604,0.036122260303611375,211.89096767401702,0.8287920132264452,1690285.4021639607,12094.942080648327,0.0006713805184457682,1.1254561112137713e-05,120.78236957605215,0.29179701743502806,530255.5841530658,764.4229669140407,0.002877134292194092,2.0767478518287887e-05,3.969075308905708,0.01657121929025813,0.747468895,0.7356083519002254
4096,4.0,-132.98073085685868,0.04820213205189678,256.86932668638315,0.7227609456281607,2274366.343064426,5676.658506135653,0.0002688149178792101,3.926292541140133e-06,131.74963945445666,0.19979054303748772,565973.3157028634,1154.4475503420792,0.0025037220247489333,1.3073656693885248e-05,2.9768064816792807,0.012428414467693534,0.6924652966666667,0.7018958102847778
4096,5.0,-130.9179924885309,0.0577907270890451,276.9205876015027,0.6885235010366183,2130467.4479690418,3886.31480358631,0.00017963384340197413,2.507766380386335e-06,134.65303505193802,0.1724829598318744,508604.8452621857,2610.128651738519,0.0025795701940793015,1.7114719995691735e-05,2.3814451853434244,0.009942731574154706,0.6299035350000001,0.6619208679061668
4096,7.0,-126.885564414493,0.06778295849389115,275.2282399581125,0.31367215501665974,906906.6105350652,11118.2960879369,0.00018664318112335656,1.2025306176278942e-06,134.3585105278088,0.15868960845921018,323634.881675724,2376.0512038194856,0.002860599066533765,1.8485010979570833e-05,1.7010322752453033,0.00710195112439629,,
4096,10.0,-121.61469245117773,0.08696269325692584,259.30138558870743,0.3354525822802255,207181.32529062565,3483.9775580078053,0.0002562874942233003,1.7944921525209403e-06,132.18198634856458,0.1743080194306475,151157.51171528245,1392.7240020718336,0.0031694642144636056,1.818135154595367e-05,1.1907225926717122,0.004971365787077353,0.4520323,0.5229301980895308
4096,14.0,-116.08657970591408,0.10618611746021595,247.59318275575063,0.5319281553127989,46374.98394444689,913.5940992647985,0.00032222903620134015,3.6272641836125033e-06,130.3078573580186,0.18660684648622256,63320.14931586155,849.0123202833089,0.003392359898170372,1.5693288953379806e-05,0.8505161376226517,0.003550975562198145,,
4096,20.0,-110.06586055056931,0.11316821628702567,239.85737213313027,0.5941509405710299,9474.85591239165,236.25193994626778,0.00037308227262367375,4.808403625975554e-06,128.8186201958806,0.19894828650277777,23294.65359525474,448.968595546921,0.003555468490760768,1.2641446581640806e-05,0.5953612963358561,0.0024856828935386766,0.38640106,0.4665952776070477
4096,30.0,-103.82046516145611,0.09935870682235294,234.53487346554357,0.545072373173074,1646.2416620113547,44.1802767960051,0.00041146224325623246,4.872177009871355e-06,127.48905375232191,0.21613388238615602,7410.97357651106,185.83883481054949,0.003691739101681132,1.0384975157173988e-05,0.39690753089057074,0.0016571219290258017,,
